station_id,date_start,date_end,geo_lon,geo_lat,height,name
1,1937-01-01,1986-06-30,8.8493,47.8413,478,Aach
3,1891-01-01,2011-03-31,6.0941,50.7827,202,Aachen
11,1980-09-01,2020-09-30,8.5205,47.9737,680,Donaueschingen (Landeplatz)
44,1969-01-01,2020-11-09,8.2370,52.9336,44,Großenkneten
52,1969-01-01,2001-12-31,10.1990,53.6623,46,Ahrensburg-Wulfsdorf
61,1975-07-01,1978-08-31,12.6171,48.8443,339,Aiterhofen
70,1973-06-01,1986-09-30,9.0371,48.2052,712,Albstadt-Ebingen
71,1986-11-01,2019-12-31,8.9784,48.2156,759,Albstadt-Badkap
72,1978-09-01,1995-05-31,9.0001,48.2766,794,Albstadt-Onstmettingen
73,1959-03-01,2020-11-09,13.0506,48.6159,340,Aldersbach-Kriestorf
78,1961-01-01,2020-11-09,7.9126,52.4853,65,Alfhausen
90,1988-02-19,2020-11-09,9.2583,50.7557,305,Alsfeld
91,1978-11-01,2020-11-09,9.3450,50.7446,300,Alsfeld-Eifa
93,1977-12-01,1978-10-31,9.2542,50.7691,269,Alsfeld-Reibertenrod
96,2019-04-09,2020-11-09,12.8518,52.9437,50,Neuruppin-Alt Ruppin
98,1887-02-15,1954-12-31,8.4671,51.189,780,Altastenberg
102,1998-01-01,2020-11-09,8.1275,53.8633,32,Leuchtturm Alte Weser
106,1971-01-01,2006-12-01,10.4429,51.7976,500,Altenau
116,1947-01-01,1973-05-31,12.4333,50.9833,213,Altenburg
125,1974-03-01,2020-11-09,10.8667,47.8342,756,Altenstadt
126,1979-11-01,2010-11-30,10.2213,49.5447,330,Uffenheim (Schulstr.)
129,1991-01-01,2006-12-31,13.2420,53.6893,33,Altentreptow
131,2004-11-01,2020-11-09,12.9326,51.0881,296,Geringswalde-Altgeringswalde
132,1953-12-11,1987-09-30,12.3891,49.7725,750,Altglashütte
142,1955-01-01,2020-11-09,11.3117,48.406,511,Altomünster-Maisbrunn
150,1951-01-01,2020-11-09,8.1164,49.7273,215,Alzey
151,1947-01-01,2020-11-09,11.8546,49.4691,382,Amberg-Unterammersricht
154,1994-01-01,2020-11-09,12.2925,48.0197,516,Amerang-Pfaffing
161,1980-12-01,2020-11-09,7.4202,50.4237,75,Andernach
164,1908-05-17,2020-11-09,13.9908,53.0316,54,Angermünde
167,2004-09-01,2020-11-09,13.6846,53.8412,9,Anklam
169,1947-01-01,1966-12-31,13.0053,50.573,630,Annaberg-Buchholz
172,1969-05-01,1991-11-30,9.5056,52.2486,395,Annaturm
174,1984-03-01,1987-12-31,7.9766,49.1886,250,Annweiler-Bindersbach
175,1952-01-01,1976-04-30,10.5751,49.2964,413,Ansbach
176,1976-06-01,1995-11-30,10.5826,49.2475,481,Ansbach-Claffheim
177,1947-05-01,1957-10-31,10.5815,49.3158,418,Ansbach-Hennenbach
181,1999-11-01,2008-11-02,11.5042,52.8761,30,Arendsee
183,1947-01-01,2020-11-09,13.4343,54.6792,42,Arkona
184,1947-01-01,1966-06-30,12.0077,52.6769,55,Arneburg
185,1946-01-01,1957-12-31,9.9294,54.6289,3,Arnis
186,1880-01-01,1998-09-30,8.0713,51.3773,218,Arnsberg
191,1986-04-01,2020-11-09,9.9114,49.9694,217,Arnstein-Müdesheim
193,1968-01-01,1997-10-31,9.0820,51.3845,232,Arolsen-Neu Berich
197,1990-08-01,2020-11-09,9.0558,51.3218,365,"Arolsen-Volkhardinghausen, Bad"
198,1954-01-01,2020-11-09,11.2920,51.3745,164,Artern
202,1947-01-01,1951-12-31,9.1114,49.9778,110,Aschaffenburg
207,1947-01-01,1964-12-31,11.4667,51.7498,105,Aschersleben
211,1981-09-01,1999-12-31,8.4685,50.58,200,Aßlar Klein-Altenstädten
217,1941-01-01,2020-11-09,11.3643,47.8774,670,Attenkam
221,1985-08-01,1990-05-31,11.7117,48.5515,483,Au i.d.Hallertau-Günzenhausen
222,1977-01-01,2020-11-09,12.7139,50.5908,393,Aue
231,1879-01-01,1974-04-30,10.8948,48.3723,490,Augsburg (Sankt Stephan)
232,1947-01-01,2020-11-09,10.9417,48.4253,462,Augsburg
243,1958-09-01,2006-12-31,7.4670,53.4621,4,Aurich
257,1949-01-01,2020-11-09,8.2457,48.727,240,Baden-Baden-Geroldsau
259,1947-01-01,2020-11-09,7.6387,47.8064,273,Müllheim
268,1954-01-01,2008-12-31,8.2727,48.5293,622,Baiersbronn-Obertal
273,1986-12-01,1990-04-30,9.6606,47.8413,467,Baindt
282,1949-01-01,2020-11-09,10.9206,49.8743,240,Bamberg
283,1948-01-01,1959-12-31,10.8695,49.8808,382,Bamberg-Altenburg
284,1879-01-01,1958-12-31,10.8800,49.88,282,Bamberg (Sternwarte)
288,1991-01-01,1998-08-31,13.7549,53.8409,3,Bargischow-Gnevezin
294,1992-02-01,2020-11-09,9.4300,52.3199,110,Barsinghausen-Hohenbostel
298,1947-01-01,2020-11-09,12.7108,54.3406,3,Barth
303,1993-08-20,2020-11-09,13.4996,52.0614,55,Baruth
314,1945-06-06,2020-11-09,14.5042,51.1604,234,"Kubschütz, Kr. Bautzen"
320,1879-01-01,2020-11-09,11.5197,49.9667,350,Heinersreuth-Vollhof
321,1979-01-01,1995-10-31,12.0017,47.6797,789,Bayrischzell
326,2004-07-01,2013-07-08,8.0577,51.7204,120,Beckum-Unterberg
327,1962-09-01,1996-10-31,8.8323,53.6234,27,Bederkesa
330,1937-01-01,2020-11-09,8.9673,49.5617,455,Oberzent-Beerfelden
335,1976-12-01,1977-10-31,10.6018,54.3426,4,Behrensdorf
341,1968-02-01,1993-01-31,7.5520,47.7277,235,"Bellingen, Bad"
342,2010-12-01,2020-11-09,8.1694,52.317,103,Belm
348,1989-12-14,2011-09-01,7.5886,50.4135,127,Bendorf
350,1999-06-01,1999-12-31,10.7268,51.6715,540,Benneckenstein
355,1947-01-01,1989-10-31,8.6276,49.6789,140,Bensheim
361,1948-01-01,1998-12-31,13.0109,47.6344,550,Berchtesgaden (KKst)
365,1991-10-01,2002-09-30,11.4303,49.3311,421,Berg/Oberpfalz
368,1973-01-01,2020-11-09,9.9248,52.8152,70,Bergen
377,1947-01-01,2020-11-09,7.9967,49.107,210,"Bergzabern, Bad"
379,1954-07-01,2020-11-09,11.2665,50.9074,303,"Berka, Bad (Flugplatz)"
386,1973-07-01,1986-11-30,8.3851,51.0454,445,"Berleburg, Bad"
390,1986-12-01,2020-11-09,8.3683,50.9837,610,"Berleburg, Bad-Stünzel"
395,1948-07-01,1953-12-31,13.4833,52.4167,38,Berlin-Adlershof
399,1975-01-01,2015-06-30,13.4057,52.5198,36,Berlin-Alexanderplatz
400,1961-01-01,2020-11-09,13.5022,52.6309,60,Berlin-Buch
402,1876-01-01,1962-12-31,13.2997,52.4564,55,Berlin-Dahlem (LFAG)
403,1950-01-01,2020-11-09,13.3017,52.4537,51,Berlin-Dahlem (FU)
405,1951-04-01,1954-12-31,13.6500,52.45,37,Berlin-Friedrichshagen
407,1958-01-01,1978-03-31,13.2858,52.6461,48,Berlin-Frohnau
408,1948-12-01,1951-11-30,13.3833,52.5333,35,Berlin-Invalidenstraße
410,1996-06-01,2020-10-31,13.7309,52.404,33,Berlin-Kaniswall
416,1982-07-01,1996-09-30,13.4127,52.4069,47,Berlin-Lichtenrade
417,1936-01-01,1956-10-31,13.3036,52.4144,43,Berlin-Lichterfelde (Süd)
420,1993-05-01,2020-11-09,13.5598,52.5447,60,Berlin-Marzahn
422,1956-01-01,1964-12-31,13.3833,52.5333,35,Berlin-Mitte
424,1954-01-01,1980-12-31,13.4667,52.5,36,Berlin-Ostkreuz
425,1959-01-01,1982-06-30,13.4838,52.4044,38,Berlin-Rudow
427,1957-01-01,2020-11-09,13.5306,52.3807,46,Berlin Brandenburg
429,1986-10-01,1987-01-31,13.1694,52.5667,32,Berlin-Spandau
430,1963-01-01,2020-11-09,13.3088,52.5644,36,Berlin-Tegel
432,1978-04-01,1994-12-31,13.2952,52.6044,36,Berlin-Tegeler Fliesstal
433,1948-01-01,2020-11-09,13.4021,52.4675,48,Berlin-Tempelhof
434,1947-01-01,1960-12-31,13.4699,52.4553,35,Berlin-Treptow
435,1964-01-01,2006-12-31,13.2327,52.4289,45,Berlin-Zehlendorf
445,1898-01-01,2020-11-09,11.7110,51.8218,85,Bernburg/Saale (Nord)
450,1945-01-01,2012-12-04,7.0664,49.9186,120,Bernkastel-Kues
458,1975-01-01,1988-03-31,7.0306,50.0699,185,"Bertrich, Bad"
460,1951-01-01,2020-11-09,6.6868,49.2641,363,Berus
474,1959-01-01,1986-09-30,9.7639,48.1252,599,Warthausen-Birkenhard
480,1945-01-01,2006-12-31,8.4935,50.9275,296,Biedenkopf-Wallau
502,1967-08-01,2006-12-31,9.4883,49.8747,412,Bischbrunn
508,1994-04-01,2010-12-31,11.8149,50.0539,675,Bischofsgrün
524,1947-01-01,1992-12-31,12.3167,51.6333,80,Bitterfeld
526,1951-01-01,1975-12-31,11.2805,50.6738,254,"Blankenburg, Bad"
535,1947-01-01,2020-11-09,7.3079,50.0372,417,Blankenrath
550,1994-05-01,2002-09-30,11.7985,50.9041,344,Bobeck
553,1954-01-01,1974-12-31,6.6107,51.838,25,Bocholt (Marienschule)
554,1947-01-01,2006-02-28,6.5365,51.8293,23,Bocholt-Liedern (Wasserwerk)
555,1940-01-01,2018-11-01,7.2697,51.4789,101,Bochum
570,1979-01-01,1981-12-31,13.0765,49.0768,648,Bodenmais-Mais
576,1987-08-01,2003-12-31,8.9732,48.6759,445,Böblingen
578,1951-03-01,1966-12-31,11.3667,48.9451,379,Böhming
588,1992-05-01,1996-07-31,9.3953,51.752,105,Boffzen
591,1947-01-01,2020-11-09,10.6878,53.3911,45,Boizenburg
592,1946-01-01,1962-12-31,9.7344,53.8634,10,Bokel
594,1993-01-01,2000-03-01,9.6136,48.6407,425,"Boll, Bad (KKst)"
596,1947-01-01,2020-11-09,11.1908,54.0028,15,Boltenhagen
598,1949-01-01,1957-08-31,7.0839,50.7285,62,Bonn
599,1932-10-01,1999-03-01,7.1467,50.7055,62,Bonn-Friesdorf
601,1974-01-01,2003-10-31,7.0356,50.6983,158,Bonn-Hardthöhe
603,1986-08-01,2020-11-09,7.2040,50.7293,147,Königswinter-Heiderhof
604,1971-01-01,2005-10-31,8.3348,47.8194,875,Bonndorf/Schwarzwald
606,1950-01-01,1954-07-31,10.1977,48.0791,569,Boos
614,1951-01-01,2007-12-31,9.3120,51.5709,240,Borgentreich-Bühne
617,2004-06-01,2020-11-09,6.8863,51.873,47,Borken in Westfalen
619,1947-01-01,2020-11-09,6.6703,53.5788,12,Borkum-Süderstraße
634,1980-03-01,1991-03-31,9.6458,49.4442,373,Boxberg-Seehof
635,1980-05-01,1990-09-30,9.6333,49.45,378,Boxberg-Seehof (West)
636,1981-11-01,1991-03-31,9.6500,49.45,373,Boxberg-Seehof (Wind-3m)
642,1966-01-01,2020-10-29,8.4969,53.3517,1,Brake
643,1993-11-01,1994-12-31,8.4529,53.296,0,Brake-Süderfeld
645,1947-01-01,1952-01-31,7.9682,52.4083,75,Bramsche
648,1963-05-01,2006-12-31,9.7152,53.8551,9,Brande-Hörnerkirchen
650,1948-07-01,2001-04-30,12.5503,52.4136,35,Brandenburg-Görden
652,1949-01-01,1958-07-31,10.7706,49.5353,384,Hagenbüchach
656,1931-01-01,2020-11-09,10.6021,51.7234,607,Braunlage
657,1955-01-01,2003-12-31,10.6690,51.6634,625,Braunlage-Hohegeiß
660,1948-01-01,1960-12-31,10.5656,52.2744,83,Braunschweig-Gliesmarode
661,1891-01-01,1953-12-31,10.5334,52.2708,75,Braunschweig (T.H.)
662,1961-01-01,2020-11-09,10.4464,52.2915,81,Braunschweig
675,1980-07-01,1988-02-29,7.6000,48.0333,218,Breisach-Eckartsberg
685,1998-01-12,2006-11-01,9.4281,49.9017,585,Breitsol
691,1890-01-01,2020-11-09,8.7979,53.045,4,Bremen
699,1949-01-01,1958-06-30,8.7834,53.1004,4,Bremen-Seefahrtschule
701,1949-01-01,2020-11-09,8.5761,53.5332,7,Bremerhaven
702,1948-01-01,1960-06-30,8.6015,53.5876,8,Bremerhaven-Speckenbüttel
703,1937-01-01,1985-05-31,9.1553,53.4779,5,Bremervörde (A)
704,1979-04-01,2020-11-09,9.1390,53.4451,11,Bremervörde
705,1985-06-01,2006-12-31,9.1664,53.5312,5,Bremervörde-Niederochtenhausen
706,1969-09-01,2004-12-31,7.6611,47.8858,234,Eschbach
710,1983-11-01,2003-12-31,8.6991,49.025,181,Bretten
717,1937-01-01,2004-06-30,8.5737,51.3873,443,Brilon
722,1896-01-01,2020-11-09,10.6183,51.7986,1134,Brocken
727,1958-01-01,1986-12-31,8.9557,49.7345,290,Brombachtal-Kirch-Brombach
728,1981-02-01,1986-12-31,13.2176,48.8171,1016,Brotjacklriegel (UBA)
729,1945-01-01,1990-01-31,10.4540,50.8282,600,Brotterode
736,1947-01-01,1999-12-31,7.1148,49.6303,390,Brücken
743,1975-01-01,2001-09-28,6.1333,51.2,73,Brüggen (Flugplatz)
748,1966-01-01,2008-09-30,9.1411,53.8887,5,Brunsbüttel (Schleuse)
755,1935-01-01,2020-11-09,9.3213,49.5182,340,"Buchen, Kr. Neckar-Odenwald"
757,1990-10-01,2020-11-09,7.9983,47.9625,445,Buchenbach
760,1976-06-01,2020-11-09,9.9435,53.3629,82,Rosengarten-Klecken
766,1965-01-01,2020-11-09,7.0595,50.1746,477,Büchel (Flugplatz)
769,1972-01-01,2020-11-09,9.0889,52.2817,68,Bückeburg
771,1947-01-01,1955-12-31,9.1167,50.2769,148,Büdingen
772,1947-01-01,1986-04-30,8.1744,48.6957,190,Bühlertal
773,1986-05-01,2004-12-31,8.1799,48.6743,478,Bühlertal-Obertal
781,1988-01-01,1994-03-31,8.6190,51.6126,221,Bühren-Ahden
788,1965-01-01,2020-11-09,8.8584,54.1193,3,Büsum
793,1992-01-01,1994-10-31,7.1098,49.662,530,Buhlenberg
807,1941-01-01,2006-12-31,10.6434,49.745,290,Schlüsselfeld (Kläranlage)
817,1952-10-01,2020-11-09,8.8146,51.0306,293,Burgwald-Bottendorf
829,1979-07-01,1997-08-31,8.5465,50.396,479,Butzbach-Bodenrod
833,1972-05-01,2001-04-30,13.4975,50.6951,615,Neuhausen/Erzgeb.-Rauschenbach (Talsp.)
840,1989-12-01,2020-11-09,12.6114,50.4313,897,Carlsfeld
848,1940-01-01,1978-12-31,10.0726,52.6146,38,Celle (Stadt)
850,1974-08-01,2020-11-09,10.0296,52.5959,39,Celle
851,1948-02-01,1996-04-30,12.6042,49.2504,392,Pemfling-Pitzling
853,1882-01-01,2020-11-09,12.8720,50.7913,418,Chemnitz
856,1998-01-01,2020-11-09,12.5404,47.8843,551,Chieming
863,1890-01-01,2012-03-31,10.3470,51.7904,585,Clausthal-Zellerfeld
865,1960-01-01,1971-02-28,8.0624,52.8441,42,Cloppenburg
867,1947-01-01,2020-11-09,10.9679,50.3066,344,Lautertal-Oberlauter
876,1947-01-01,1988-12-31,13.0096,51.304,314,Collmberg
879,2000-07-01,2003-03-31,14.2833,51.7667,68,Cottbus (Flugplatz)
880,1887-01-01,2020-11-09,14.3168,51.776,69,Cottbus
881,1950-01-01,2003-12-31,10.0979,49.0985,423,Crailsheim-Alexandersreut
888,1965-01-01,1991-12-16,12.3821,50.8149,269,Crimmitschau
891,1946-01-01,2020-11-09,8.7058,53.8713,5,Cuxhaven
896,1963-01-01,2020-11-09,10.8619,51.0778,170,Dachwig
909,1986-01-01,1993-11-30,10.2984,54.0551,54,Damsdorf
917,1995-08-01,2020-11-09,8.6779,49.8809,162,Darmstadt
918,1987-10-01,1995-07-31,8.6240,49.8453,122,Darmstadt (A)
919,1937-02-03,1974-07-31,8.6796,49.8697,169,Darmstadt-Botanischer Garten
920,1949-01-01,1987-09-30,8.5929,49.8564,108,Darmstadt (US-Air-Base)
927,1985-10-01,2000-12-31,6.8279,50.1957,430,Daun
931,1989-08-01,2003-12-31,9.4108,47.8007,708,Deggenhausertal-Azenweiler
948,1947-01-01,1950-12-31,12.2515,51.8512,60,Dessau
950,1985-01-01,1993-02-28,8.9000,51.95,194,Detmold
953,1950-08-01,2020-11-09,7.0542,49.7619,481,Deuselbach
954,1998-01-01,2020-11-09,7.4587,54.1796,0,UFS Deutsche Bucht
963,1952-09-01,2020-11-09,8.3424,52.5881,38,Diepholz
964,1952-01-01,1962-12-31,6.8904,50.0832,413,Dierfeld
965,1948-06-01,1990-06-30,13.4166,51.2401,100,Diesbar-Seußlitz
970,1985-04-01,1999-06-30,10.6734,49.4158,405,Dietenhofen
979,1947-08-01,2020-11-09,8.2672,50.7364,314,Dillenburg
981,1982-05-01,2001-12-31,6.7490,49.3531,193,Dillingen (Saar)
982,1947-05-01,2006-11-30,10.4985,48.5701,420,Dillingen/Donau
983,2006-12-01,2020-11-09,10.5599,48.5562,419,Dillingen/Donau-Fristingen
991,1954-09-01,2020-11-09,13.7087,50.9116,359,Dippoldiswalde-Reinberg
998,1948-01-01,2009-02-01,8.4921,48.7968,696,Dobel
1000,1991-07-01,1997-08-31,11.8454,54.1442,3,"Doberan, Bad-Heiligendamm"
1001,1948-07-01,2020-11-09,13.5747,51.6451,97,Doberlug-Kirchhain
1003,1947-01-01,1966-12-31,13.1167,51.1333,201,Döbeln
1006,1947-11-01,1961-09-30,11.2544,53.1399,15,Dömitz
1010,1987-04-01,2008-09-23,7.3209,52.9732,5,Dörpen (Kläranlage)
1011,1990-10-11,2020-11-09,7.7413,49.6017,442,Dörrmoschel-Felsbergerhof
1013,1980-04-01,2020-11-09,8.1697,47.6026,309,Dogern
1018,1951-01-01,2004-12-31,8.5046,47.9422,677,Donaueschingen
1032,1950-01-01,1999-09-30,7.5345,51.512,120,Dortmund
1035,1993-12-01,2000-11-30,7.6161,51.5206,122,Dortmund-Wickede
1047,1828-01-01,1915-12-31,13.7274,51.0557,112,Dresden (Mitte)
1048,1934-01-01,2020-11-09,13.7543,51.128,227,Dresden-Klotzsche
1050,1949-01-01,2020-11-09,13.8470,51.0221,114,Dresden-Hosterwitz
1051,1936-01-01,2020-11-09,13.7750,51.0248,120,Dresden-Strehlen
1052,1993-05-01,2020-11-09,12.1641,52.2174,80,Drewitz bei Burg
1053,1937-01-01,2003-07-31,9.0445,51.7337,192,"Driburg, Bad"
1066,1963-01-01,1976-12-31,10.2613,51.504,180,Duderstadt
1072,1952-01-01,2020-11-09,8.1929,49.4719,107,"Dürkheim, Bad"
1073,1936-01-01,1952-12-31,8.1797,49.4686,115,"Dürkheim, Bad (Saline)"
1074,1947-04-01,1973-02-28,12.0810,51.3043,103,"Dürrenberg, Bad"
1076,1936-08-01,2008-12-31,8.5343,48.0135,692,"Dürrheim, Bad"
1078,1952-01-01,2020-11-09,6.7686,51.296,37,Düsseldorf
1079,1935-01-01,1996-07-31,6.7574,51.1998,37,Düsseldorf-Südfriedhof
1084,1994-05-01,2007-05-31,6.7026,51.394,31,Duisburg-Friemersheim
1087,1951-01-01,1993-12-31,6.7321,51.4634,21,Duisburg-Laar
1091,1991-01-01,2007-12-31,10.7362,51.2806,258,Ebeleben
1093,1951-01-01,2005-10-31,8.9595,49.4593,131,Eberbach (LUBW)
1102,1987-11-01,2002-12-31,9.5328,48.7201,300,Ebersbach/Fils
1103,1978-01-01,2020-11-09,11.9872,48.1003,592,Ebersberg-Halbing
1106,1947-01-01,1950-12-31,13.7979,52.8239,45,Eberswalde
1107,1963-01-01,2020-11-09,10.4991,49.852,346,Ebrach
1126,1984-04-01,1999-01-30,8.6400,49.96,117,Egelsbach
1130,1972-04-01,2005-01-31,9.3649,54.6282,17,Eggebek
1146,1985-07-01,1987-07-31,8.9121,48.6593,487,Ehningen
1154,1945-01-01,1966-09-30,12.8820,48.3416,470,Eiberg
1161,1955-01-01,2020-11-09,11.2349,48.8777,384,Eichstätt-Landershofen
1163,1976-11-01,2007-02-24,8.8500,54.2667,4,Eidersperrwerk
1169,1976-02-01,1999-09-30,7.5959,47.6288,264,Eimeldingen
1172,1951-01-01,1989-11-30,9.8871,51.8189,123,Einbeck
1182,1947-01-01,2001-05-31,11.5705,51.5029,146,Eisleben-Helfta
1188,1947-01-01,1974-08-31,10.8576,50.7041,518,Elgersburg
1197,1941-01-01,2020-11-09,10.1312,48.9895,460,Ellwangen-Rindelbach
1200,1998-01-01,2020-11-09,9.0105,54.0691,3,Elpersbüttel
1201,1947-07-01,2000-12-31,6.5646,50.9281,85,Elsdorf/Erftkreis
1204,1949-01-01,1965-12-31,8.4612,53.2346,1,Elsfleth
1207,1948-06-01,2020-11-09,12.2742,50.2705,558,"Elster, Bad-Sohl"
1214,1987-11-01,2020-11-09,8.1088,48.2012,431,Elzach-Fisnacht
1219,1947-01-01,1998-03-10,7.1909,53.3449,5,Emden-Nesserland
1221,1950-03-01,1974-12-31,7.2236,53.3707,0,Emden-Wolthusen
1224,1975-11-01,2020-11-09,7.8351,48.1378,201,Emmendingen-Mundingen
1228,2000-07-01,2020-11-09,6.3460,54.1651,0,UFS TW Ems
1229,1947-01-01,1997-03-31,7.6975,50.3324,90,"Ems, Bad"
1238,1951-01-01,1996-09-30,7.4250,50.9884,144,Engelskirchen
1239,1986-08-01,2008-09-22,8.7673,47.8516,540,Engen/Hegau
1243,1976-01-01,1985-09-30,9.3028,48.4734,705,Eningen
1246,2015-08-01,2020-11-09,8.0607,51.8418,104,Ennigerloh-Ostenfelde
1254,1947-07-01,2002-11-30,8.9165,49.1307,210,Eppingen
1255,2002-12-01,2018-12-31,8.8523,49.1664,220,Eppingen-Elsenz
1261,1969-01-01,1992-07-31,11.9440,48.3192,460,Erding
1262,1992-05-17,2020-11-09,11.8134,48.3477,446,München-Flughafen
1266,1964-05-01,2020-11-09,9.3162,54.2992,18,Erfde
1270,1951-01-01,2020-11-09,10.9608,50.9829,316,Erfurt-Weimar
1275,1967-04-01,1980-12-31,13.1398,48.3008,340,Ering
1276,1980-08-01,2002-12-31,9.5392,47.6358,408,Eriskirch-Mariabrunn
1279,1949-01-01,2020-11-09,11.0074,49.6497,268,Möhrendorf-Kleinseebach
1280,1947-04-01,1953-12-31,10.9929,49.5692,280,Erlangen-Bruck
1281,1982-01-01,2001-04-30,10.9729,49.5653,284,Erlangen-Frauenaurach
1287,1991-12-01,2006-08-31,9.2861,49.8589,198,Eschau-Hobbach
1292,1967-01-01,2006-04-30,11.8222,49.7522,470,Eschenbach/Oberpfalz
1297,1947-09-01,2020-11-09,10.0138,51.2041,156,Eschwege
1299,1979-09-01,1999-10-31,7.6085,53.6476,3,Esens
1300,1938-01-01,2020-11-09,8.1565,51.254,351,Eslohe
1303,1935-01-01,2020-11-09,6.9677,51.4041,150,Essen-Bredeney
1327,1937-01-01,2020-11-09,6.7905,50.7119,147,Weilerswist-Lommersum
1329,1936-01-01,2003-12-31,10.5865,54.134,50,Eutin
1332,1966-07-01,2020-11-09,12.7241,48.4832,471,"Falkenberg,Kr.Rottal-Inn"
1339,1971-01-01,2020-11-09,10.1885,52.9157,73,Faßberg
1341,2008-12-01,2011-09-29,11.1500,54.6,0,Fehmarnbelt
1345,1947-03-01,1962-12-31,13.4371,53.3346,92,Feldberg
1346,1945-01-01,2020-11-09,8.0038,47.8749,1490,Feldberg/Schwarzwald
1347,1980-02-01,1987-01-31,8.1155,47.8555,962,Feldberg-Altglashütten
1357,1948-01-01,2020-11-09,11.8376,49.9807,654,Fichtelberg/Oberfranken-Hüttstadl
1358,1890-08-01,2020-11-09,12.9535,50.4283,1213,Fichtelberg
1359,1982-01-01,1992-11-26,11.2219,50.0242,705,Fichtelberg/Ofr
1372,1992-01-01,2002-10-31,10.2696,47.4608,757,Fischen
1374,1949-01-12,1972-04-30,10.1668,50.505,366,Fladungen-Heufurt
1378,1985-07-01,2006-12-31,9.4182,54.8086,45,Flensburg
1379,1957-01-01,2020-11-09,9.3752,54.7737,41,Flensburg (Schäferhaus)
1380,1941-01-01,1956-12-31,9.4580,54.8147,19,Flensburg-Mürwik
1392,1987-10-01,2006-12-31,12.3489,49.7316,621,Flossenbürg
1403,1965-04-01,1980-10-31,9.4550,50.0616,260,Frammersbach
1410,1975-01-01,1997-03-31,11.0958,51.3512,130,"Frankenhausen/Kyffhäuser, Bad"
1411,1949-10-01,2020-11-09,10.0480,50.5309,745,Birx/Rhön
1415,1976-06-01,1988-12-31,8.5333,50.0333,100,Frankfurt (07W)
1416,1984-04-01,1987-12-31,8.5333,50.0167,97,Frankfurt (18W)
1420,1949-01-01,2020-11-09,8.5213,50.0259,100,Frankfurt/Main
1421,1961-12-01,1984-08-31,8.6746,50.1474,125,Frankfurt/Main (Stadt)
1422,1973-08-01,1989-04-30,8.6936,50.0972,114,Frankfurt (Henninger Turm)
1423,1972-05-01,1987-12-31,8.5887,50.0496,111,Frankfurt/Main (Terminal)
1424,1985-11-01,2020-11-09,8.6694,50.1269,124,Frankfurt/Main-Westend
1425,1870-01-01,1962-12-31,8.6601,50.1213,109,Frankfurt/Main (Feldbergstr.)
1426,1947-01-01,1984-12-31,14.5080,52.3397,65,Frankfurt/Oder
1428,1948-01-01,1957-12-31,8.0585,49.2275,230,Frankweiler
1440,1971-05-01,2003-12-31,7.9336,48.2018,481,Freiamt-Ottoschwanden
1441,1945-07-01,1993-04-30,13.2711,50.9263,416,Freiberg
1443,1874-01-01,2020-11-09,7.8343,48.0232,237,Freiburg
1447,1947-01-01,1985-06-30,7.8588,48.013,255,Freiburg im Breisgau-Herdern
1451,1970-11-01,2020-11-09,9.2493,53.8277,2,Freiburg/Elbe
1467,1948-01-01,2009-12-31,8.4141,48.4607,736,Freudenstadt-Kurgarten
1468,1949-01-01,2020-11-09,8.4090,48.4538,797,Freudenstadt
1473,2006-01-01,2019-02-28,11.3080,49.1869,414,Freystadt-Michelbach
1481,1971-01-01,1998-12-31,8.2547,47.9216,928,Friedenweiler
1488,1947-01-01,1972-12-31,11.0394,51.6884,523,Friedrichsbrunn
1490,1947-01-01,2020-11-09,9.4795,47.6454,394,Friedrichshafen
1492,1958-01-01,2003-12-31,7.7348,47.7819,852,Malsburg-Marzell-Friedrichsheim
1493,1992-07-01,1995-12-31,11.0159,50.4788,793,Friedrichshöhe
1503,1947-02-01,2020-11-09,7.9022,53.0643,6,Friesoythe-Altenoythe
1504,2000-07-01,2020-11-09,9.2799,51.119,172,Fritzlar (Flugplatz)
1505,1975-01-01,2007-10-31,9.2833,51.1333,222,Fritzlar-Kasseler Warte
1513,1947-01-01,1962-11-30,8.1027,50.6588,653,Fuchskauten
1515,1969-01-01,2003-07-31,11.2667,48.2,519,Fürstenfeldbruck
1522,1947-06-01,1955-03-31,10.9640,49.4811,313,Fürth/Bayern (A)
1526,1949-01-01,2020-11-09,9.6533,50.5668,242,Fulda-Horas
1544,1947-01-01,2020-11-09,11.3941,52.5129,47,Gardelegen
1550,1936-01-01,2020-11-09,11.0621,47.483,719,Garmisch-Partenkirchen
1552,1995-11-01,1996-04-30,14.3817,53.2066,13,Gartz/Oder
1568,1958-05-01,1982-12-31,10.7743,50.6549,916,Gehlberg-Schmücke
1572,1982-12-01,2020-11-09,6.0392,50.9593,80,Geilenkirchen (Flugplatz)
1580,1884-07-01,2020-11-09,7.9548,49.9859,110,Geisenheim
1583,1947-01-01,1970-12-31,13.7732,50.7719,823,Geisingberg
1584,2009-06-01,2020-11-09,8.6473,47.9242,672,Geisingen
1586,1961-07-01,1968-04-30,12.6279,47.8774,610,Traunstein-Geißing
1587,1998-01-01,2020-11-09,11.4289,48.9481,536,Gelbelsee
1590,1963-10-01,2020-11-09,6.2463,51.4942,37,Geldern-Walbeck
1593,1935-01-01,1974-04-30,9.1989,50.2027,190,Gelnhausen
1602,1970-01-01,2020-11-09,7.9930,48.433,177,Ohlsbach
1605,1953-01-01,2020-11-09,12.1601,52.3875,35,Genthin
1612,1952-01-01,2020-11-09,12.1289,50.8813,311,Gera-Leumnitz
1617,1952-01-01,2007-12-31,11.1317,51.7259,210,Gernrode
1619,1956-01-01,2005-12-31,8.4887,49.7622,90,Gernsheim
1621,1949-01-01,1963-12-31,9.9146,50.2766,550,Geroda-Platz
1623,1996-03-01,2002-11-30,9.9174,50.4477,530,Gersfeld
1638,1949-01-01,1984-04-30,8.6551,50.591,158,Gießen (Lahntal)
1639,1939-01-01,2020-11-09,8.6439,50.6017,203,Gießen/Wettenberg
1645,1949-01-01,2020-11-09,9.0500,50.9656,340,Gilserberg-Moischeid
1666,1971-01-01,2020-11-09,9.5058,54.8273,12,Glücksburg-Meierwik
1667,1948-01-01,2006-12-31,9.4295,53.797,1,Glückstadt
1672,1974-01-01,1978-06-30,6.1667,51.6833,19,Goch
1684,1880-01-01,2020-11-09,14.9506,51.1622,238,Görlitz
1689,1936-01-01,2004-06-30,11.3061,49.7656,443,Gößweinstein
1691,1927-01-01,2020-11-09,9.9507,51.5002,167,Göttingen
1694,1947-01-01,2020-11-09,12.1033,53.606,58,Goldberg
1709,1952-01-01,1990-12-31,13.9392,50.8496,360,"Gottleuba, Bad"
1721,1991-01-01,2020-11-09,11.2239,49.664,506,Gräfenberg-Kasberg
1735,1995-12-01,2020-11-09,13.6290,48.7894,628,Grainet-Rehberg
1736,1951-01-01,2020-11-09,10.6797,53.5731,27,Grambek
1748,1936-01-01,2005-03-31,9.2620,50.4788,608,Grebenhain-Herchenhain
1757,1898-03-01,2020-11-09,13.4056,54.0967,2,Greifswald
1758,1947-01-01,1977-12-31,13.4500,54.1,2,Greifswald-Wieck
1759,1947-08-01,2020-11-09,13.9102,54.2437,12,Greifswalder Oie
1762,1945-01-01,2006-12-31,12.1777,50.6249,270,Greiz-Dölau
1766,1982-01-01,2020-11-09,7.6969,52.1344,48,Münster/Osnabrück
1792,2020-08-13,2020-11-09,7.4815,52.7553,27,Groß Berßen
1803,1967-01-01,2020-11-09,12.3238,54.0714,34,Groß Lüsewitz
1831,1983-09-01,2004-08-27,13.1353,49.1126,1449,Großer Arber (Ost)
1832,1982-11-01,2020-11-09,13.1338,49.1129,1436,Großer Arber
1833,1947-01-01,1982-10-31,13.2801,49.0851,1307,Grosser Falkenstein
1834,1951-01-01,1978-06-30,10.4665,50.8519,913,Grosser Inselsberg
1844,1959-01-01,1981-12-31,11.9004,47.9411,517,Feldkirchen-Westerham-Lenzmühle
1849,1949-01-01,1960-12-31,11.5728,48.8126,408,Großmehring-Theißing
1863,1995-03-01,2020-11-09,9.1854,50.2667,258,Gründau-Breitenborn
1869,1973-01-01,2020-11-09,13.9338,53.3153,56,Grünow
1873,1957-05-01,1998-12-31,10.2380,51.7956,300,"Grund, Bad"
1874,1980-04-01,1992-11-24,10.2167,51.8,320,"Grund, Bad (Erzbergwerk)"
1875,1951-01-01,2002-12-31,9.7364,48.9354,492,"Gschwend, Kr. Ostalb"
1886,2009-11-26,2020-11-09,10.2607,48.4878,444,Günzburg
1890,1947-01-01,1950-12-31,12.2167,53.7667,30,Güstrow-Schabernack
1891,1938-01-01,2002-03-31,8.3577,51.8771,73,Rheda-Wiedenbrück-Lintel
1892,1975-06-01,2013-10-27,8.3005,51.9298,72,Gütersloh (Flugplatz)
1902,1984-11-01,2000-12-31,10.7448,49.1273,413,Gunzenhausen (Altmühlsee)
1920,1978-06-01,2007-12-31,7.4895,51.4129,100,Hagen-Fley
1922,1979-01-01,1986-02-28,7.4717,51.3598,111,Hagen (Stadtsparkasse)
1929,1947-01-01,2001-07-31,10.3368,51.8597,567,Hahnenklee
1957,1951-01-01,2015-03-23,11.9499,51.5138,93,Halle-Kröllwitz
1960,1851-01-01,1975-12-31,11.9671,51.4831,102,Halle (Stadt)
1963,1969-01-01,2020-11-09,8.5133,54.5742,4,Hallig Hooge
1964,1952-01-01,2020-11-09,6.3821,49.9445,328,Olsdorf
1972,1912-01-01,1962-09-30,10.2415,53.4793,35,Hamburg-Bergedorf
1973,1947-01-01,1954-12-31,9.9874,53.5598,14,Hamburg-Botanischer Garten
1975,1936-01-01,2020-11-09,9.9881,53.6332,14,Hamburg-Fuhlsbüttel
1979,1951-01-01,2006-12-31,10.1462,53.4213,2,Hamburg-Kirchwerder
1981,1962-05-01,2020-11-09,9.8957,53.4777,3,Hamburg-Neuwiedenthal
1986,1978-06-01,1988-04-30,10.1804,53.4699,1,Hamburg-Reitbrook
1987,1956-01-01,2000-02-29,9.9662,53.5467,47,Hamburg-Sankt Pauli
1990,1951-01-01,2006-12-31,10.1293,53.5853,18,Hamburg-Wandsbek
1993,1940-01-01,2020-11-09,9.3896,52.0848,68,Hameln
2000,1995-06-01,1996-09-30,8.9243,50.1205,106,Hanau
2005,1961-01-01,1994-12-31,10.5987,52.7199,108,Hankensbüttel
2014,1936-01-01,2020-11-09,9.6779,52.4644,59,Hannover
2023,1998-01-01,2020-11-09,10.7062,48.7918,501,Harburg
2039,1936-01-01,2020-11-09,10.5699,51.9002,201,"Harzburg, Bad"
2044,1945-05-01,2020-11-09,11.1367,51.652,404,Harzgerode
2048,1951-01-01,1959-12-31,9.6038,53.6342,3,Haseldorf
2053,1963-01-01,1975-12-31,10.8631,51.6868,461,Hasselfelde
2055,1987-11-13,2014-12-28,10.4947,50.0493,292,Haßfurt
2069,1936-01-01,1975-05-31,13.0670,48.8629,648,Hausstein
2074,1947-01-01,2020-11-09,8.9800,48.3752,518,Hechingen
2078,1937-01-01,2002-06-30,9.0853,54.2181,10,Weddingstedt
2080,1935-01-01,2012-09-12,8.6676,49.4206,110,Heidelberg
2081,1936-01-01,1960-12-31,8.7251,49.3981,561,Königstuhl
2083,1949-01-01,1958-12-31,8.6051,49.4192,110,Heidelberg-Grenzhof
2088,1947-01-01,2005-04-30,10.1307,48.6765,498,Heidenheim/Brenz
2092,1952-02-01,1990-12-31,7.9949,50.1691,496,Heidenrod-Mappershain
2093,1969-01-01,1982-09-30,9.8227,53.8562,30,Heidmoor
2095,1947-07-01,2003-10-31,9.2333,49.1448,167,Heilbronn
2100,2018-12-01,2019-11-17,7.9119,54.186,4,Helgoland-Düne
2110,1963-01-01,2020-11-09,6.1042,51.0411,57,Heinsberg-Schleiden
2115,1952-05-01,2020-11-09,7.8920,54.175,4,Helgoland
2120,1947-03-01,2006-12-31,11.0219,52.2164,140,Helmstedt
2122,1970-01-01,2002-05-31,9.0095,53.9701,2,"Helse, Kr. Dithmarschen"
2147,1936-01-01,2007-12-31,8.6865,52.1264,77,Herford
2151,1947-01-01,1991-08-31,10.1705,51.0048,215,Herleshausen
2158,1951-01-01,2009-01-01,8.4430,48.8042,350,"Herrenalb, Bad"
2159,1978-04-01,1985-03-31,8.8541,48.5915,434,Herrenberg
2160,1991-01-01,2000-12-31,10.6904,50.8444,360,Herrenhof
2166,1951-01-01,1991-05-02,14.7500,51.0167,344,Herrnhut
2167,1948-01-01,2012-03-31,7.3356,49.7672,302,Niederwörresbach
2171,1949-01-01,2020-11-09,9.7377,50.852,272,"Hersfeld, Bad"
2173,1976-01-01,2007-12-31,7.1548,51.589,60,Herten
2174,1991-10-01,2020-11-09,10.3695,51.6255,238,Herzberg
2201,1931-04-14,2020-11-09,13.1044,54.575,1,Hiddensee-Vitte
2206,1953-03-01,2008-02-29,9.8838,52.1408,117,Hildesheim
2207,1974-03-01,1978-12-31,9.9500,52.1833,91,Hildesheim (Flugplatz)
2211,1937-01-01,2020-11-09,7.6528,50.7371,295,Hilgenroth
2221,1980-01-01,1999-10-31,10.4371,47.5408,1053,Hindelang-Unterjoch
2223,1991-01-01,2001-12-31,10.5687,50.3674,300,Hindfeld
2225,1922-01-01,1984-09-30,14.3667,50.9167,385,Hinterhermsdorf
2226,1991-01-01,2002-09-30,10.9106,50.4707,668,Eisfeld-Waffenrod-Hinterrod
2228,1946-01-01,2005-03-31,8.1055,47.8983,883,Hinterzarten
2244,1946-01-01,2005-09-01,8.1627,47.7327,1008,Höchenschwand
2250,1941-01-01,2006-07-31,12.8645,49.1279,403,Höllenstein (Kraftwerk)
2252,1947-01-01,2020-11-09,14.7457,50.899,270,Bertsdorf-Hörnitz
2253,1983-10-01,1996-07-31,8.2833,54.7667,10,Hörnum/Sylt
2260,1949-01-01,2006-12-31,11.9077,50.323,474,Hof (Stadt)
2261,1947-01-01,2020-11-09,11.8760,50.3123,565,Hof
2264,1948-01-01,2002-11-30,9.4786,51.5337,242,Hofgeismar-Beberbeck
2268,1949-01-01,2006-12-31,10.5156,50.1352,263,Hofheim
2289,1953-07-01,1966-12-31,12.3333,52.6667,28,Hohennauen
2290,1781-01-01,2020-11-09,11.0108,47.8009,977,Hohenpeißenberg
2297,1972-06-01,1995-11-30,9.7127,54.1195,80,Hohenwestedt
2302,1991-01-01,1992-12-31,11.4847,50.9632,317,Hohlstedt-Kötschau
2303,1969-01-01,2020-11-09,9.5390,54.3146,10,Hohn
2306,1977-11-01,2020-11-09,10.6732,54.3194,8,Hohwacht
2315,2000-06-01,2020-11-09,13.1666,51.7657,81,Holzdorf (Flugplatz)
2318,1998-08-01,2000-01-31,7.9133,50.2182,397,Holzhausen a.d. Haide
2319,1982-12-01,2020-11-09,11.6961,47.8823,685,Holzkirchen
2323,1951-01-01,2020-11-09,9.4953,51.8529,110,"Bevern, Kr. Holzminden"
2324,1975-06-01,2008-09-30,9.5447,51.7659,440,Holzminden-Silberborn
2327,1951-01-01,2000-06-30,9.0032,50.7316,250,Homberg/Ohm
2331,1970-01-01,2002-12-31,7.3533,49.3278,235,Homburg/Saar
2338,1974-06-01,2005-12-23,7.5500,52.3333,39,Hopsten (Flugplatz)
2344,1943-01-01,1964-03-31,11.6980,50.1511,582,Horlachen
2349,1953-01-01,2020-11-09,8.2033,48.6136,1138,Hornisgrinde
2352,1957-01-01,1971-08-31,8.0177,47.6227,712,Hottingen
2354,1947-02-01,1959-12-31,14.2426,51.4379,118,Hoyerswerda (Ph)
2360,1936-01-01,1978-04-30,11.6769,48.6018,438,Hüll
2362,1982-10-01,2020-11-09,7.4843,50.5651,328,Hümmerich
2374,1891-01-01,1974-06-30,9.0564,54.4752,3,Husum
2377,1981-01-01,2020-11-09,7.5895,47.7001,362,Kandern-Gupf
2385,1974-04-01,2020-11-09,7.3264,49.6927,376,Idar-Oberstein
2388,1990-06-01,2003-12-31,7.6322,48.0419,193,Ihringen
2396,1947-01-01,1950-12-31,10.6833,51.8667,260,Ilsenburg
2406,1980-07-01,2002-11-30,9.6520,49.2967,209,Ingelfingen
2409,1941-01-01,1953-12-31,11.4539,48.7662,360,Ingolstadt (Flussmeisterstelle)
2410,1974-01-01,2020-11-09,11.5362,48.7112,364,Ingolstadt (Flugplatz)
2417,1959-01-01,1977-12-31,12.0307,48.1644,621,Mittbach
2422,1938-01-01,1978-06-30,7.7644,51.3768,230,Iserlohn-Westig
2423,1947-01-01,2005-07-01,10.0416,47.6894,712,Isny
2429,1988-03-01,2020-11-09,9.5696,53.9897,21,Itzehoe
2436,1995-01-01,2006-12-31,13.2344,52.0547,55,Jänickendorf
2437,1971-01-01,2020-11-09,9.5203,54.457,21,Schleswig-Jagel
2444,1824-01-01,2020-11-09,11.5830,50.9251,155,Jena (Sternwarte)
2451,1991-01-01,2001-08-31,12.9583,51.7954,77,Jessen/Elster
2456,1940-01-01,2005-08-26,7.8806,53.5322,7,Jever
2464,1951-01-01,1990-10-31,9.6752,53.5316,1,Jork
2465,1981-05-01,1990-12-31,9.7376,53.5083,1,Jork-Moorende
2474,1976-01-01,2008-12-31,6.4093,50.9104,91,Jülich (Forsch.-Anlage)
2475,1967-01-01,1980-12-31,13.1009,52.0,75,Jüterbog
2477,1970-04-01,2008-12-31,7.9597,47.5938,728,Jungholz (Kühmoos)
2480,1947-01-01,2020-11-09,8.9930,50.0643,108,Kahl/Main
2482,1978-12-01,1980-04-30,8.4887,51.1801,741,Kahler Asten (A)
2483,1926-11-01,2020-11-09,8.4891,51.1803,839,Kahler Asten
2485,2011-05-01,2020-11-09,9.6871,48.917,489,Kaisersbach-Cronhütte
2486,1901-01-01,2020-11-09,7.7557,49.4262,271,Kaiserslautern
2488,1946-01-01,2002-09-30,10.7876,48.7701,516,Kaisheim-Neuhof
2493,1980-01-01,1994-05-31,10.3667,54.4333,2,Kalifornien
2494,1993-01-01,2013-09-30,6.2688,51.7329,31,Kalkar
2497,1947-01-01,2020-11-09,6.5264,50.5014,505,Kall-Sistig
2502,1951-02-01,1956-12-31,10.1348,51.318,447,"Heiligenstadt, Heilbad-Kalteneber"
2503,1951-01-01,2003-05-05,10.1455,50.6266,487,Kaltennordheim
2506,1947-01-01,1963-08-31,14.0833,51.2667,270,Kamenz
2521,1950-01-01,1994-03-31,11.2961,48.6765,374,Karlshuld
2522,1876-01-01,2008-10-31,8.3641,49.0382,112,Karlsruhe
2532,1951-01-01,2013-10-31,9.4424,51.2963,231,Kassel
2533,1946-07-01,1977-06-30,9.4506,51.334,198,Kassel-Harleshausen
2536,1983-09-01,1992-12-31,9.4145,51.3173,283,Kassel-Wilhelmshöhe (A)
2542,1970-05-01,2016-03-31,10.6007,47.8652,716,Kaufbeuren
2543,1968-01-01,2008-12-31,10.8609,48.0916,585,Kaufering
2546,1988-10-01,2003-12-31,7.8800,48.5576,141,Kehl-Odelshofen
2559,1952-01-01,2020-11-09,10.3348,47.7233,705,Kempten
2564,1974-01-01,2020-11-09,10.1424,54.3776,28,Kiel-Holtenau
2565,1940-01-01,1988-10-15,10.0929,54.3378,17,Kiel-Kronshagen
2573,1987-06-10,2020-11-09,12.7717,47.9588,470,Waging am See-Schnöbling
2575,2007-05-22,2020-11-09,9.9800,49.1804,426,Kirchberg/Jagst-Herboldshausen
2578,1865-01-01,2020-11-09,11.4341,53.9995,12,Kirchdorf/Poel
2597,1946-01-01,2020-11-09,10.0792,50.224,282,"Kissingen, Bad"
2600,1982-11-01,2020-11-09,10.1781,49.7363,193,Kitzingen
2601,1936-01-01,2020-11-09,8.4469,50.2218,826,Kleiner Feldberg/Taunus
2609,1974-09-01,1981-03-31,10.3293,53.9587,40,Klein Rönnau
2618,1958-01-01,2020-11-09,10.4803,50.8458,732,Kleiner Inselsberg
2621,1956-01-01,1969-12-31,13.2134,52.4045,42,Kleinmachnow
2627,1996-07-01,2020-11-09,13.8845,51.5554,128,Klettwitz
2629,1904-10-01,2020-11-09,6.0954,51.7612,46,Kleve
2638,1947-01-01,2020-11-09,8.7548,48.1054,974,Klippeneck
2641,1994-10-01,2020-11-09,12.9065,51.5185,85,Klitzschen bei Torgau
2654,1949-01-01,1983-10-31,8.7554,49.0265,200,Knittlingen
2656,1970-07-01,1989-12-31,7.5906,50.3519,96,Koblenz
2657,1951-01-01,2008-01-31,7.5992,50.3369,85,Koblenz-Horchheim
2665,1936-01-01,1984-12-31,6.9712,50.9615,45,Köln-Botanischer Garten
2667,1957-07-01,2020-11-09,7.1575,50.8646,92,Köln-Bonn
2677,1951-01-01,2001-08-31,8.4285,48.1413,730,Königsfeld/Schwarzwald
2680,1951-01-01,2020-11-09,10.4456,50.284,289,"Königshofen, Bad"
2689,1950-01-01,1960-12-31,9.6527,53.2279,40,Königsmoor
2691,1994-04-01,2008-12-31,11.2173,48.6707,378,Königsmoos-Untermaxfeld
2693,1942-01-01,2003-12-31,8.4698,50.1855,380,Königstein/Taunus
2700,1961-01-01,2020-11-09,11.4872,48.8302,416,Kösching
2701,1945-07-01,2007-03-31,11.7252,51.1329,136,"Kösen, Bad"
2703,1998-01-01,2000-10-10,9.3239,51.855,496,Köterberg
2704,1993-10-01,2020-11-09,12.0094,51.7511,76,Köthen (Anhalt)
2708,1991-08-01,2020-11-09,11.0805,47.6652,742,"Kohlgrub, Bad (Rosshof)"
2712,1959-07-01,2020-11-09,9.1307,47.6952,428,Konstanz
2713,1947-01-01,1974-12-31,9.1634,47.6605,398,Konstanz (Stadtgärtnerei)
2717,1989-06-01,2005-12-31,8.8309,51.2662,395,Korbach-Lengefeld
2738,1971-02-01,1998-02-01,11.7442,47.645,800,Kreuth
2750,1949-01-01,2020-11-09,11.3209,50.2523,312,Kronach
2757,1961-01-01,1983-12-31,7.7020,47.9077,238,"Krozingen, Bad"
2758,1980-07-01,1990-06-30,7.6578,47.9585,202,"Krozingen, Bad-Hausen"
2761,1951-01-01,1990-10-31,10.4163,48.251,520,Krumbach-Edenhausen
2770,1973-07-01,1974-08-31,10.2359,53.9015,35,Kükels
2773,1974-01-01,2020-11-09,11.9016,49.4283,417,Kümmersbruck
2775,1946-01-01,1980-06-30,9.6925,49.2795,225,Künzelsau
2780,1960-01-01,1982-05-31,11.4494,50.1003,330,Kulmbach
2783,1966-09-01,1992-08-31,12.1513,48.5126,436,Kumhausen
2790,1970-01-01,1981-08-31,7.4134,49.5592,296,Kusel-Fünfbirken
2794,1945-05-01,2020-11-09,12.4093,52.9363,40,Kyritz
2796,2000-06-01,2020-11-09,12.2790,53.9156,40,Laage (Flugplatz)
2798,1975-01-01,1998-05-31,6.1500,51.6,32,Laarbruch
2812,1950-01-01,2020-11-09,7.8280,48.3647,156,Lahr
2814,1949-01-01,2020-11-09,9.7645,48.5121,685,Merklingen
2821,1948-01-01,1957-12-31,10.0157,51.9603,214,Lamspringe
2829,1969-01-01,2018-07-10,10.9144,48.0772,621,Landsberg (Flugplatz)
2830,1950-01-01,1967-12-31,10.8709,48.0349,602,Landsberg/Lech
2831,1947-01-11,2008-03-31,12.1132,48.5357,393,Landshut
2843,1990-07-19,2015-12-31,8.6547,50.0075,125,Langen (BZ)
2856,1993-06-01,2020-11-09,13.0878,51.9173,91,Langenlipsdorf
2857,1947-04-01,1958-11-30,10.6568,51.1173,175,"Langensalza, Bad"
2861,1951-01-01,1986-06-30,7.4775,53.7445,5,Langeoog
2872,1947-01-01,1950-12-31,7.3489,52.8457,15,Lathen
2878,1947-04-01,2020-11-09,11.8786,51.3909,117,"Lauchstädt, Bad"
2879,1949-01-01,1985-12-31,9.7142,49.5781,199,Lauda-Königshofen-Gerlachsheim
2886,1970-01-01,2020-11-09,9.9097,48.2176,539,Laupheim
2889,1971-01-01,1991-09-30,10.4737,51.6323,300,"Lauterberg, Bad (A)"
2897,1990-08-30,2020-11-09,9.2857,50.5808,522,Lautertal-Hörgenau
2905,1969-01-01,2020-11-09,10.8507,48.1849,550,Lechfeld
2906,1951-01-01,1975-02-28,8.9808,54.775,5,Leck (A)
2907,1971-01-01,2020-11-09,8.9514,54.7903,7,Leck
2912,1956-03-01,1974-11-30,9.8791,54.7419,9,Lehbek
2915,1947-01-01,1961-12-31,11.4500,50.4833,640,Lehesten/Thüringer Wald
2920,1978-09-01,1997-06-30,12.5121,48.7654,365,Leiblfing
2923,1955-01-01,1970-05-31,10.6124,47.9116,663,Leinau
2925,1957-01-01,2020-11-09,10.3123,51.3933,356,Leinefelde
2926,1971-01-01,1989-12-31,10.2333,48.4333,477,Leipheim (Flugplatz)
2928,1863-12-01,2020-11-09,12.4462,51.3151,138,Leipzig-Holzhausen
2931,1957-08-01,1972-04-30,12.3962,51.392,128,Leipzig-Mockau
2932,1934-01-01,2020-11-09,12.2396,51.4348,131,Leipzig/Halle
2947,1962-04-01,2020-11-09,8.0348,51.1333,286,Lennestadt-Theten
2949,1947-08-01,2002-01-31,9.5275,48.5396,758,Lenningen-Schopfloch
2950,1962-04-01,2006-12-31,10.8844,54.219,14,Lensahn
2951,1994-10-01,2020-11-09,11.4864,53.1007,20,Lenzen/Elbe
2953,1961-01-01,2020-11-09,8.2308,47.8597,852,Lenzkirch-Ruhbühl
2954,1987-04-01,2004-12-28,8.1788,47.8919,990,Lenzkirch-Saig
2961,1998-01-01,2020-11-09,10.2737,54.4996,31,Leuchtturm Kiel
2963,1946-01-01,1978-12-31,12.0333,51.3167,92,Leunawerke
2968,1945-01-01,2020-11-09,6.9777,50.9894,43,Köln-Stammheim
2985,1991-01-01,2020-11-09,14.2093,50.9383,321,Lichtenhain-Mittelndorf
2996,1947-01-01,1960-12-31,8.7287,48.7726,352,"Liebenzell, Bad (LUBW)"
3001,1965-01-01,1990-05-31,7.6770,48.0674,284,Liliental
3004,1949-01-01,1999-06-30,8.0605,50.4116,185,Limburg/Lahn-Offheim
3007,1947-01-01,1955-12-31,8.3980,49.4111,96,Limburgerhof
3015,1906-04-01,2020-11-09,14.1180,52.2085,98,Lindenberg
3016,1970-06-01,1988-04-30,9.8878,47.598,760,Lindenberg/Allgäu
3017,1984-07-01,2010-04-30,8.7823,49.68,341,Lindenfels
3018,1973-04-01,2005-12-31,8.7804,49.7117,445,Lindenfels-Winterkasten
3023,1951-01-01,2020-06-05,7.3081,52.5181,22,Lingen
3028,1951-01-01,2020-11-09,8.8388,51.7854,157,"Lippspringe, Bad"
3031,1980-12-01,2020-11-09,8.3945,51.6336,92,Lippstadt-Bökenförde
3032,1937-01-01,2020-11-09,8.4125,55.011,25,List auf Sylt
3034,1991-01-01,2020-11-09,11.6350,50.4505,496,"Lobenstein, Bad"
3042,1993-07-01,2020-11-09,8.2386,50.5617,230,Löhnberg-Obershausen
3044,1946-01-01,2018-06-01,7.7472,52.7198,22,Löningen
3045,1993-05-01,2007-06-30,7.8763,52.7432,27,Löningen-Hagel
3046,1980-02-01,1991-03-31,7.7333,52.7333,20,Löningen-Schnetlage
3056,1947-01-01,2005-10-31,9.6100,50.0103,161,Lohr/Main-Steinbach
3062,1951-01-01,1989-05-31,7.8197,50.0352,100,Lorch/Rhein
3076,1947-01-01,1956-12-31,8.4246,49.4606,95,Ludwigshafen-Mundenheim
3082,1967-01-01,1974-12-31,13.8833,51.9333,56,Lübben
3083,1991-10-01,2020-11-09,13.8797,51.9267,57,Lübben-Blumenfelde
3085,1950-03-01,1985-02-28,10.6915,53.8773,15,Lübeck
3086,1985-03-01,2020-11-09,10.6989,53.8025,15,Lübeck-Blankensee
3088,1890-01-01,1973-06-30,10.7040,53.8953,5,Lübeck-Werft
3093,1954-12-01,2020-11-09,11.1374,52.9724,16,Lüchow
3096,1940-01-01,1995-12-31,7.6359,51.2131,444,Lüdenscheid (Zeppelin-Gymnasium)
3098,1993-12-23,2020-11-09,7.6425,51.2452,387,Lüdenscheid
3101,1950-01-01,1995-09-30,7.4128,51.7694,58,Lüdinghausen
3103,1947-05-01,1997-12-31,10.4240,53.2657,11,Lüneburg
3113,1991-01-01,1991-07-31,10.7201,50.7663,528,Luisenthal (Talsperre)
3126,1881-01-01,2020-11-09,11.5827,52.1029,79,Magdeburg
3135,1955-05-01,1983-03-31,9.5820,49.0643,473,Mainhardt-Ziegelbronn
3137,1948-01-01,2020-11-09,8.2139,49.9656,195,Mainz-Lerchenberg (ZDF)
3138,1979-01-01,1989-02-16,8.1668,49.9798,200,Mainz-Finthen
3139,1983-11-01,2004-12-31,11.2965,48.2166,509,Maisach-Gernlinden
3145,1998-12-01,2008-09-01,10.5528,54.18,30,"Malente, Bad-Gremsmühlen"
3147,1953-01-01,2020-08-02,12.2179,48.7725,418,Mallersdorf-Pfaffenberg/Niederbayern
3155,1961-11-01,2020-11-09,6.8009,50.1015,413,Manderscheid-Sonnenhof
3158,1985-01-01,2020-11-09,14.5452,52.5468,12,Manschnow
3160,1952-01-01,1980-12-31,11.4139,51.6084,240,Vatterode-Gräfenstuhl
3164,1946-01-01,2020-11-09,8.7746,50.8492,187,"Cölbe, Kr. Marburg-Biedenkopf"
3166,1955-08-01,2020-11-09,13.1469,50.651,639,Marienberg
3167,1962-12-01,2020-11-09,7.9603,50.6621,547,"Marienberg, Bad"
3170,2000-07-03,2010-04-30,11.2405,54.4937,5,Marienleuchte
3196,1902-01-01,2020-11-09,11.9319,53.3223,81,Marnitz
3204,1983-11-01,2020-11-09,10.8815,50.7335,429,Martinroda
3211,1942-01-01,1956-12-31,13.5747,48.9359,1011,Mauth-Finsterau
3212,1961-01-01,2002-12-31,7.2300,50.3249,230,Mayen
3222,1961-01-01,1978-12-31,9.1403,52.3411,60,Meerbeck
3223,1947-01-01,1977-09-30,9.2753,47.6985,460,Meersburg
3226,2006-08-01,2020-11-09,11.5109,51.7259,107,Aschersleben-Mehringen
3227,1933-01-01,1980-11-30,8.9842,51.8936,216,"Meinberg, Bad"
3228,1979-08-01,1997-03-31,7.6670,51.0976,506,Meinerzhagen (A)
3231,1979-01-01,2020-11-09,10.3771,50.5612,450,Meiningen
3234,1956-06-01,2020-11-09,13.4328,51.1294,158,Garsebach bei Meißen
3236,1986-07-01,2001-12-31,8.3382,52.2044,89,Melle
3244,1961-01-01,2020-11-09,10.1384,47.982,615,Memmingen
3245,1969-01-01,2002-11-29,10.2333,47.9833,630,Memmingen (Flugplatz)
3246,1984-11-01,2007-06-14,7.3167,50.3667,181,Mendig
3253,1961-01-01,2006-12-31,8.0699,47.8309,885,Sankt Blasien-Menzenschwand
3254,1973-01-01,2020-11-09,7.3176,52.7156,19,Meppen
3256,1985-01-01,1989-10-31,7.6667,48.0167,193,Merdingen
3257,1947-01-01,2020-11-09,9.7622,49.4773,250,"Mergentheim, Bad-Neunkirchen"
3265,1953-01-01,1962-12-31,9.2872,49.922,302,Mespelbrunn
3268,2000-06-01,2020-11-09,8.9433,48.1694,900,Meßstetten-Appental
3271,1941-01-01,2020-11-09,12.9189,48.8548,314,Metten
3274,1992-10-01,2011-12-31,6.5215,49.507,415,Mettlach-Orscholz (Kurort)
3278,2003-01-01,2020-11-09,9.2734,48.5377,354,Metzingen
3284,1987-01-01,2020-11-09,9.0085,49.6691,240,Michelstadt
3287,1987-10-01,2020-11-09,9.0997,49.7176,453,Michelstadt-Vielbrunn
3289,1972-10-01,2020-11-09,11.7838,50.7281,356,Schmieritz-Weltwitz
3291,1980-11-01,2003-12-31,9.2258,49.712,128,Miltenberg
3300,1974-05-01,1993-05-31,9.1064,50.2285,155,Mittel-Gründau
3307,1937-01-01,2020-11-09,11.2653,47.4779,984,Mittenwald-Buckelwiesen
3313,1936-09-01,1972-03-31,8.7771,49.7328,508,Modautal-Neunkirchen
3317,1975-07-01,1984-09-30,10.6943,53.6128,42,Mölln
3319,2006-09-01,2020-11-09,9.2530,49.7644,239,Röllbach
3320,1935-01-01,1953-05-31,6.4499,51.197,49,Mönchengladbach
3321,2008-04-25,2020-11-09,6.3609,51.1313,77,Mönchengladbach-Hilderath
3340,1938-01-01,2020-11-09,7.8061,50.4383,265,Montabaur
3348,1990-07-01,2020-11-09,9.8352,51.7209,240,Moringen-Lutterbeck
3362,1998-01-01,2020-11-06,8.8734,48.9721,244,Mühlacker
3366,1953-01-01,2020-11-09,12.5024,48.279,406,Mühldorf
3369,1980-01-01,2006-03-15,10.4833,53.6,42,Mühlenrade
3370,1995-04-01,2004-11-30,10.3956,51.2076,300,Mühlhausen
3376,1949-01-01,2020-11-09,14.1232,52.5176,63,Müncheberg
3379,1954-06-01,2020-11-09,11.5429,48.1632,515,München-Stadt
3382,1945-11-01,1953-12-31,11.6000,48.1441,521,München-Bogenhausen
3383,1879-01-01,1954-12-31,11.5019,48.1635,515,München-Botanischer Garten
3385,1955-01-01,1999-03-31,11.5011,48.166,515,München-Nymphenburg
3388,1994-02-01,1997-01-31,11.6486,48.0919,542,München-Perlach
3390,1940-01-01,1992-05-17,11.7094,48.1369,529,München-Riem
3402,1946-01-01,2020-11-09,9.4837,48.3851,750,Münsingen-Apfelstetten
3404,1891-01-01,1991-12-31,7.5906,51.9494,62,Münster
3425,1951-01-01,2004-05-31,9.5708,48.9729,344,Murrhardt
3426,1936-05-18,2020-11-09,14.7008,51.566,127,"Muskau, Bad"
3432,1949-01-01,1995-03-31,8.7184,48.5667,380,Nagold
3442,1947-01-01,2020-11-09,8.7506,50.3574,149,"Nauheim, Bad"
3478,1976-07-01,2005-08-16,13.1914,53.5468,81,Neubrandenburg
3484,1973-01-01,2020-11-09,11.2147,48.7086,380,Neuburg/Donau (Flugplatz)
3485,1991-06-01,2020-11-09,10.3773,48.3115,486,Neuburg/Kammel-Langenhaslach
3486,1949-01-01,2004-12-31,9.2722,49.2931,212,Neudenau
3490,1948-01-01,2020-11-09,7.0853,50.5346,111,"Neuenahr, Bad-Ahrweiler"
3493,1980-07-01,1990-07-31,7.5833,47.8333,223,Neuenburg-Zinken
3509,2004-10-01,2020-11-09,13.0421,53.102,77,Menz
3513,1955-01-01,2020-11-09,11.1344,50.5002,845,Neuhaus am Rennweg
3518,1971-01-01,1993-12-31,8.9101,47.976,793,Neuhausen ob Eck
3519,1993-12-01,2003-12-31,8.9932,47.9519,663,Neuhausen ob Eck-Unterschwandorf
3527,1947-01-01,2020-11-09,9.4050,50.8923,500,Neukirchen-Hauptschwenda
3532,1951-01-01,1976-11-30,10.6015,54.3609,4,Neuland
3534,1981-03-01,2020-11-09,11.4881,49.2713,584,Neumarkt-Höhenberg
3537,1936-01-01,2007-08-31,9.9791,54.0873,26,Neumünster
3540,1992-09-01,2020-11-09,7.3720,50.8446,195,Neunkirchen-Seelscheid-Krawinkel
3541,1962-08-01,1992-02-29,7.3081,50.8956,185,Neunkirchen-Seelscheid-Meisenbach
3542,1975-11-01,1995-05-31,7.1667,49.35,271,Neunkirchen/Saar
3545,1970-01-01,2020-11-09,7.2297,49.344,236,Neunkirchen-Wellesweiler
3552,1961-01-01,2019-04-08,12.8072,52.9037,38,Neuruppin
3565,1947-01-01,2002-01-31,10.6001,49.5728,315,Neustadt/Aisch
3571,2008-03-01,2020-11-09,11.8638,49.8174,452,Neustadt am Kulm-Filchendorf
3575,1951-01-01,1982-12-31,8.1405,49.357,163,Neustadt/Weinstraße
3576,1976-01-01,2002-10-31,8.1822,49.3478,125,Neustadt/Weinstraße (Heidehof)
3577,1947-01-01,1976-06-30,13.0502,53.3585,64,Neustrelitz
3578,1981-10-01,2006-12-31,12.1443,48.9832,341,Regensburg-Burgweinting
3590,1961-01-01,2005-09-30,8.8923,50.2335,180,Nidderau-Windecken
3591,1994-01-01,2020-11-09,6.4240,50.6743,350,Nideggen-Schmidt
3595,1966-05-01,2003-06-30,7.8080,50.4107,250,Niederelbert
3603,2000-07-01,2020-11-09,9.9667,49.3895,459,Niederstetten
3605,1951-01-01,1980-10-31,10.2427,48.5334,451,Niederstotzingen
3612,1947-01-01,2020-11-09,9.2229,52.6711,25,Nienburg
3621,1947-01-01,2020-11-09,10.5067,48.8253,435,Reimlingen
3623,1969-01-01,2020-11-09,6.6602,50.8294,111,Nörvenich (Flugplatz)
3631,1947-01-01,2020-11-09,7.1519,53.7123,12,Norderney
3639,1974-01-01,2020-11-09,8.6583,53.7647,25,Nordholz (Flugplatz)
3640,1936-01-01,2006-12-31,7.0640,52.4124,24,Nordhorn-Blanke
3651,1992-04-02,2020-10-30,9.9450,51.7521,109,Northeim-Stöckheim
3657,1983-06-01,2015-08-31,7.5543,50.9081,341,Nümbrecht auf dem Lindchen
3658,1980-07-01,2005-01-31,7.5725,50.9095,303,Nümbrecht-Distelkamp
3659,1947-01-01,1995-03-27,6.9501,50.3391,627,Nürburg
3660,1995-02-24,2020-11-09,6.8697,50.3602,485,Nürburg-Barweiler
3661,1960-01-01,1978-03-31,11.0667,49.45,307,Nürnberg (Hochhaus)
3666,1934-01-01,1974-12-31,11.1070,49.5008,335,Nürnberg-Buchenbuehl
3667,1975-01-01,2020-11-09,11.2538,49.4258,368,Nürnberg-Netzstall
3668,1879-01-01,2020-11-09,11.0549,49.503,314,Nürnberg
3671,1955-01-01,1991-03-31,9.3261,48.6321,280,Nürtingen
3672,1948-05-01,1954-12-31,8.8962,48.6207,457,Nufringen
3679,1947-01-01,2020-11-09,12.1665,47.6187,518,Kiefersfelden-Gach
3694,1950-06-01,1981-12-17,10.7256,50.7005,810,Oberhof
3702,1972-01-01,2006-12-31,7.8288,47.878,515,Münstertal-Obermünstertal
3705,1982-07-01,2004-12-31,8.5735,48.3147,480,Oberndorf/Neckar-Aistaig
3722,1974-01-01,2011-11-19,11.5528,48.2443,484,Oberschleißheim
3727,1983-10-01,2001-09-30,10.0313,47.5619,800,Oberstaufen-Kalzhofen
3730,1910-01-01,2020-11-09,10.2759,47.3984,806,Oberstdorf
3734,2004-07-01,2020-11-09,9.3525,49.128,230,Obersulm-Willsbach
3735,1936-07-01,1958-12-31,12.2760,48.2635,455,Obertaufkirchen
3739,1948-10-01,2020-11-09,12.4365,49.4521,596,Oberviechtach
3744,1971-12-01,1975-06-30,9.5383,51.6018,125,Oberweser-Gieselwerder
3751,1988-06-01,1997-12-31,9.8822,48.0449,626,Ochsenhausen-Mittelbuch
3752,1959-09-01,1982-09-30,11.8074,50.03,1014,Ochsenkopf
3753,1964-01-01,1993-03-31,7.1784,52.2042,56,Ochtrup
3761,1947-01-01,2020-11-09,9.5176,49.207,276,Öhringen
3775,1978-01-01,1998-12-16,8.7468,50.1029,100,Offenbach/Main (Zentrallabor)
3776,1957-11-01,1995-10-31,8.7546,50.0946,110,Offenbach/M. (Stadt)
3777,1958-01-01,2003-12-31,7.9255,48.4593,153,Offenburg
3788,1960-06-01,1985-12-31,14.7628,50.8646,305,Olbersdorf
3790,1947-01-01,1989-09-30,8.2516,53.1018,5,Oldenburg (A)
3791,1969-01-01,2012-10-01,8.1824,53.1763,11,Oldenburg
3811,1978-01-01,2020-11-09,13.0928,51.296,150,Oschatz
3815,1952-02-01,2010-11-30,8.0534,52.2553,95,Osnabrück
3818,1956-01-01,1966-12-31,11.7333,52.7167,29,Osterburg
3821,1984-08-01,2020-11-09,11.9292,51.0873,246,Osterfeld
3825,1961-01-01,1977-12-31,7.2773,49.5033,338,Osterhof
3836,1972-05-01,2020-11-09,10.2211,50.4538,314,Ostheim v.d. Rhön
3856,1949-01-01,1993-06-30,10.4313,47.6383,1010,Oy-Mittelberg
3857,1993-10-01,2020-11-09,10.3892,47.6362,886,Oy-Mittelberg-Petersthal
3867,1950-01-01,1956-12-31,7.4814,53.0643,7,Papenburg
3875,1950-01-01,2020-11-09,11.6896,49.151,549,Parsberg/Oberpfalz-Eglwang
3878,1936-01-01,1957-12-31,13.4152,48.5805,329,Passau-Maierhof
3879,1948-01-01,1997-01-03,13.4694,48.5779,409,Passau-Oberhaus
3883,1970-03-01,1998-01-31,11.9966,50.5999,442,Pausa-Unterreichenau
3897,1998-01-01,2020-11-09,10.8773,54.0893,2,Pelzerhaken
3903,1951-01-01,2004-09-30,6.3857,49.5114,175,Perl-Besch
3904,1965-01-01,2020-11-09,6.3789,49.5354,152,Perl-Nennig
3905,1990-08-29,2020-11-09,6.4476,49.5214,407,Perl-Sinz-Renglischberg
3915,1947-01-01,1950-12-31,13.3608,51.9893,145,Petkus
3921,1974-06-01,1996-04-30,7.6000,49.85,396,Pferdsfeld
3922,1975-11-01,2001-06-30,10.8598,49.1162,435,Pfofeld-Langlau
3924,1937-01-01,2005-08-31,8.7412,48.9059,246,Pforzheim-Eutingen
3925,1989-04-06,2020-11-09,8.6973,48.9329,332,Pforzheim-Ispringen
3927,1958-01-01,2020-11-09,9.2869,47.9345,630,Pfullendorf
3929,1948-01-01,1985-09-30,8.4415,49.2511,100,Philippsburg
3939,1950-01-01,2020-11-09,7.5879,49.1912,385,Pirmasens
3946,1882-01-01,2020-11-04,12.1300,50.4819,386,Plauen
3954,1970-07-01,1996-09-30,10.4345,54.1603,26,Plön (Max-Planck-Institut)
3955,1950-01-01,1997-01-31,10.4020,54.159,24,Plön (See)
3974,1949-03-01,1993-06-30,11.5142,49.5058,368,Pommelsbrunn
3975,1993-09-01,2020-11-09,11.5357,49.4777,522,Pommelsbrunn-Mittelburg
3987,1893-01-01,2020-11-09,13.0622,52.3813,81,Potsdam
3988,1893-01-01,2019-12-31,13.0622,52.3822,81,Potsdam (Säkularstation)
4005,1946-01-01,1957-12-31,12.3624,47.8588,530,Prien-Stock
4018,1951-01-01,1983-08-31,11.2206,48.1877,550,Puch
4024,1853-07-01,2020-11-09,13.4771,54.3643,40,Putbus
4029,1940-01-01,1957-12-31,7.9544,52.6691,25,Quakenbrück
4032,1945-01-01,2020-11-09,11.1320,51.7953,142,Quedlinburg
4036,1995-05-01,2020-11-09,11.5412,51.3895,204,Querfurt-Mühle Lodersleben
4038,1947-01-01,1977-06-30,9.9071,53.7276,27,Quickborn (Kurzer Kamp)
4039,1974-12-01,2020-11-09,9.8776,53.7331,11,Quickborn
4053,1953-01-01,1996-12-31,9.0007,47.7458,407,Radolfzell-Markelfingen
4063,1951-01-01,2020-11-09,8.5906,52.4461,41,Rahden-Kleinendorf
4066,1986-11-01,1999-01-31,11.1048,47.9091,553,Raisting
4077,1937-01-01,1939-07-31,8.1868,48.8471,114,Rastatt
4079,1947-01-01,2005-06-30,11.4183,51.1765,200,Rastenberg
4091,1962-07-01,1998-06-30,12.6827,47.7327,1640,Rauschberg bei Ruhpolding
4094,1946-01-01,2020-11-09,9.6206,47.8062,440,"Weingarten, Kr. Ravensburg"
4100,1954-01-01,1973-12-31,7.1820,51.6243,109,Recklinghausen
4104,1879-01-01,2020-11-09,12.1019,49.0425,365,Regensburg
4125,1935-01-01,2006-11-30,12.8740,47.7238,470,"Reichenhall, Bad"
4127,1991-10-01,2020-11-09,7.6958,50.9906,347,Reichshof-Eckenhagen
4149,1947-01-01,1962-12-31,13.2222,50.5602,764,Marienberg-Reitzenhain
4152,1971-01-01,1977-12-31,8.1527,47.6783,760,Remetschwiel
4154,2011-02-01,2018-06-30,7.2505,51.18,345,Remscheid-Lennep
4156,1973-10-01,1998-02-28,9.6749,54.2878,8,Rendsburg
4157,1985-06-01,2003-11-30,7.4881,50.5052,315,Rengsdorf (Kurort)
4160,1970-12-22,2020-11-09,8.9240,48.7425,478,Renningen-Ihinger Hof
4166,1988-05-01,2002-12-31,9.1833,48.5051,360,Reutlingen-Betzingen
4169,1958-01-01,2020-11-09,7.9939,48.6703,131,Rheinau-Memprechtshofen
4174,1971-01-01,2017-12-20,7.3866,52.2887,40,Rheine-Bentlage
4175,1953-09-01,2020-11-09,7.7721,47.559,282,Rheinfelden
4177,1948-01-01,2020-11-09,8.3301,48.9726,116,Rheinstetten
4189,2004-08-01,2020-11-09,9.4596,48.1479,533,"Altheim, Kreis Biberach"
4222,1963-01-01,2006-01-31,12.4091,50.5263,464,Rodewisch
4225,1979-06-01,2019-04-12,12.5360,49.2195,373,Roding-Wetterfeld
4233,1936-04-03,1953-11-30,9.5167,50.3833,397,Röhrigshof bei Schlüchtern
4240,1948-01-01,1992-09-30,6.2058,50.6407,440,Roetgen
4261,1950-01-01,2020-11-09,12.1280,47.8753,442,Rosenheim
4271,1947-01-01,2020-11-09,12.0808,54.1803,4,Rostock-Warnemünde
4275,1946-01-01,2020-11-09,9.3398,53.1288,32,Rotenburg (Wümme)
4278,1951-01-01,2008-12-31,11.0934,49.2511,340,Roth bei Nürnberg
4279,1989-04-18,2020-11-09,6.3862,50.3046,593,Roth bei Prüm
4280,1971-01-01,2020-11-09,11.1035,49.2162,386,Roth
4287,1947-06-01,2020-11-09,10.1732,49.3848,415,Rothenburg ob der Tauber
4288,1951-01-01,1975-08-31,8.1808,52.1038,95,"Rothenfelde, Bad"
4293,1958-01-01,2005-11-30,11.7714,47.6819,747,Rottach-Egern
4294,1979-07-01,2002-10-31,8.9687,48.4704,360,Rottenburg-Kiebingen
4300,1957-02-01,2020-11-09,8.6356,48.1814,588,Rottweil
4301,1947-01-01,2020-11-09,7.8710,49.8502,102,"Kreuznach, Bad"
4318,1971-06-01,2006-12-31,12.6610,47.731,692,Ruhpolding
4320,1988-06-01,1992-09-30,10.2223,54.0934,36,Ruhwinkel
4323,1969-01-01,2020-11-09,7.8837,49.6468,461,Ruppertsecken
4327,1953-03-01,1971-07-16,13.0490,48.8765,797,Rusel-Irlmoos
4330,1952-01-01,1980-03-31,8.9557,48.8026,449,Rutesheim
4332,1947-05-01,1959-12-31,11.3894,50.6563,235,Saalfeld
4335,1977-07-01,1983-06-30,6.9500,49.25,206,Saarbrücken (Röchling)
4336,1951-01-01,2020-11-09,7.1077,49.2128,320,Saarbrücken-Ensheim
4338,1975-07-01,1988-01-26,7.0199,49.217,191,Saarbrücken (Wasserwerk)
4339,1948-01-01,2001-03-31,7.0168,49.2231,193,Saarbrücken-Sankt Johann
4343,1979-01-01,1997-09-30,6.7354,49.3256,180,Saarlouis
4347,1948-01-01,2003-07-08,10.5691,51.5909,292,"Sachsa, Bad"
4349,1987-11-01,2020-11-09,9.0710,48.9569,248,Sachsenheim
4350,1966-01-01,2008-12-31,7.9399,47.5619,339,"Säckingen, Bad"
4354,1985-09-01,2020-11-09,13.3146,48.7832,457,Saldenburg-Entschenreuth
4364,1965-01-01,1999-12-31,10.3054,52.0355,138,Salzgitter-Ringelheim
4367,1992-04-01,2006-12-31,9.5520,52.0781,175,Salzhemmendorf-Lauenstein
4371,1935-01-01,2020-11-09,8.7521,52.1042,135,"Salzuflen, Bad"
4373,1936-01-15,1972-06-30,11.1319,52.8568,29,Salzwedel
4377,1965-01-01,2020-11-09,10.0034,50.3518,518,Sandberg
4386,1947-01-01,2006-12-31,8.1247,47.761,795,Sankt Blasien
4390,1963-01-01,2004-12-31,8.0966,48.0091,896,Sankt Märgen
4391,1951-04-01,1969-10-31,9.1125,53.9878,3,Sankt Michaelisdonn
4393,1951-01-01,2020-11-09,8.6031,54.3279,5,Sankt Peter-Ording
4396,1951-01-01,1960-12-31,7.2036,49.4672,400,Sankt Wendel-Hof
4397,1978-02-01,2005-12-31,7.2020,49.5025,400,Sankt Wendel-Urweiler
4401,1950-01-01,1980-06-30,8.1872,51.6334,81,"Sassendorf, Bad-Ostinghausen"
4411,1979-12-01,2020-11-09,8.9671,49.9195,155,Schaafheim-Schlierbach
4419,1947-01-01,2004-12-31,7.7134,47.9556,212,Schallstadt-Mengen
4424,1966-04-06,1986-12-31,7.9083,47.9139,1205,Schauinsland (UBA)
4425,1951-01-01,1965-12-31,7.0290,49.4864,569,Schaumberg-Tholey
4429,1981-12-01,1994-08-31,9.8500,47.588,778,Scheidegg
4433,1987-01-01,2004-12-31,9.7700,48.1994,519,Schemmerhofen-Ingerkingen
4436,1947-01-01,1951-12-31,9.8460,50.8166,314,Schenklengsfeld
4438,1992-12-01,2006-12-31,11.0395,49.975,317,Scheßlitz
4442,1981-01-01,2007-12-31,9.1533,51.9119,155,Schieder
4445,1947-01-01,2020-11-09,10.6533,51.7658,609,Wernigerode-Schierke
4464,1951-04-01,2020-11-09,11.8041,50.5679,501,Schleiz
4466,1947-01-01,2020-11-09,9.5487,54.5275,43,Schleswig
4468,1953-01-01,1973-07-31,9.5649,54.5227,19,Schleswig-Stadtfeld
4471,1979-01-01,1985-07-31,11.8505,47.7358,780,Schliersee (A)
4474,1954-01-01,1973-12-31,7.7583,49.7961,170,Schlossböckelheim
4477,1957-01-01,2010-05-01,8.1860,47.8208,993,Schluchsee
4479,1954-01-01,1985-09-30,9.5358,50.3849,375,Schlüchtern-Kloster Gomfritz
4480,1985-10-01,2020-11-09,9.5534,50.3447,230,Schlüchtern-Herolz
4484,1961-01-01,1971-03-31,10.2543,53.6615,45,Schmalenbeck
4485,2005-02-01,2017-02-28,10.4539,50.725,296,"Schmalkalden, Kurort"
4489,1947-01-01,1962-12-31,10.7667,51.8833,198,Schmatzfeld
4490,1966-01-01,2002-12-31,6.8360,49.4149,223,Schmelz-Hüttersdorf
4501,1947-11-01,2020-11-09,10.7693,50.6546,937,Schmücke
4505,1947-01-01,1987-01-31,12.4534,50.4988,650,Schnarrtanne-Vogelsgrün
4508,1953-01-01,2020-11-09,6.4194,50.2968,649,Schneifelforsthaus
4517,1947-01-01,2008-11-30,8.6451,48.7859,635,"Schömberg, Kr. Calw"
4548,2007-07-01,2020-11-09,12.0791,50.1847,608,Schönwald/Ofr.-Brunn
4549,1977-05-01,2010-09-30,8.1969,48.1002,1021,Schönwald/Schwarzwald
4556,1972-09-01,2000-08-31,8.1991,48.1402,904,Schonach
4557,1953-01-01,2002-10-31,7.8439,47.6463,400,Schopfheim-Eichen
4559,1996-05-01,2020-11-09,12.6175,49.1644,398,Schorndorf-Knöbling
4560,1949-01-01,2020-11-09,9.1226,50.4925,265,Schotten
4571,1969-06-01,1997-03-31,10.4312,51.8369,504,Schulenberg
4576,1977-04-01,1981-07-31,11.0120,49.3261,343,Schwabach (A)
4581,1951-01-01,2002-10-31,9.8025,48.7768,415,Schwäbisch Gmünd-Strassdorf
4582,1983-04-01,2001-07-31,9.6892,49.0823,358,Schwäbisch Hall-Bibersfeld
4583,1991-11-26,2008-12-26,9.7456,48.7868,300,Schwäbisch Gmünd (Wind)
4584,1970-04-01,1979-05-31,11.8000,48.3667,444,Schwaigermoos
4586,1991-01-01,1998-06-30,8.0627,50.1394,320,"Schwalbach, Bad"
4592,1955-10-21,2020-11-09,12.0871,49.3278,356,Schwandorf
4593,1995-07-01,1999-11-30,11.1208,51.9639,117,Schwanebeck
4597,1945-01-01,2010-12-31,10.7181,47.5769,792,Schwangau-Horn
4605,1949-07-05,2020-11-09,11.1936,50.6441,277,Schwarzburg
4606,1960-01-01,1980-12-31,14.3500,51.5167,116,Schwarze Pumpe
4612,1936-01-01,1965-06-30,12.7678,50.5513,418,Schwarzenberg
4621,1958-05-01,2003-12-31,10.2160,50.0575,240,Schweinfurt-Gartenstadt
4625,1890-01-01,2020-11-09,11.3872,53.6425,59,Schwerin
4629,1972-10-01,1999-11-30,9.1420,54.5166,37,Schwesing
4642,1976-10-01,2020-11-09,11.7297,52.8911,21,Seehausen
4649,1947-01-01,1956-05-31,7.3228,50.8698,214,Seelscheid
4651,1937-01-01,2020-11-09,10.1885,51.904,186,Seesen
4656,1951-01-01,1973-06-30,10.2993,53.9278,49,"Segeberg, Bad"
4663,1982-02-01,2011-04-12,12.1188,50.1633,535,Selb/Oberfranken (Klärwerk)
4664,1941-01-01,2000-06-30,12.1727,50.1969,611,Selb/Oberfranken-Wildenau
4665,1969-01-01,1975-05-31,7.0417,49.5281,431,Selbach (Tholey)
4678,1970-01-01,1988-07-29,8.0333,53.5833,1,Sengwarden
4692,1937-01-01,2018-11-30,7.9966,50.8534,229,Siegen (Kläranlage)
4702,2000-07-02,2007-11-01,9.2500,48.1,645,Sigmaringen (Flugplatz)
4703,1951-01-01,2020-11-09,9.1943,48.0719,581,Sigmaringen-Laiz
4704,1988-05-01,2020-11-09,9.7404,47.5776,507,Sigmarszell-Zeisertsweiler
4705,1947-01-01,1953-12-10,12.3891,49.7595,819,Silberhütte
4706,1981-01-01,2020-11-09,13.0273,48.2718,358,Simbach/Inn
4709,1979-04-01,2020-11-09,7.5981,49.9996,445,Simmern-Wahlbach
4719,1998-01-01,2007-08-28,8.8787,49.2447,169,Sinsheim
4729,1989-07-01,2004-02-29,9.4583,50.2882,342,Steinau-Seidenroth
4735,1977-01-01,1986-12-31,8.0833,48.7833,123,Söllingen
4741,1936-01-01,2002-12-31,7.0930,51.14,152,Solingen-Hohenscheid
4745,1947-07-21,2020-11-09,9.7930,52.9604,75,Soltau
4748,1947-01-01,2010-12-31,10.9059,51.352,221,Sondershausen
4752,1951-01-01,2008-07-01,11.1828,50.3746,626,Sonneberg-Neufang
4763,1961-01-01,2020-11-09,9.9266,51.0607,265,Sontra
4765,1951-01-01,1980-12-31,9.9849,51.2801,199,"Sooden-Allendorf, Bad"
4775,1952-01-01,1965-12-31,11.8211,49.7858,424,Speinshart
4782,1991-01-01,1991-12-31,12.1093,51.604,87,Spören-Prussendorf
4813,2020-08-01,2020-11-09,11.0466,50.0806,318,"Staffelstein, Bad-Stublang"
4818,1964-04-01,2000-12-31,11.7402,50.1531,597,Stammbach-Querenbach
4837,1985-12-01,1990-09-30,7.9466,47.9869,363,Stegen
4841,1998-10-01,2020-11-09,8.8735,53.6946,1,"Steinau, Kr. Cuxhaven"
4847,1970-01-01,1975-12-31,9.6902,51.3629,500,Steinberg
4857,1990-11-01,2020-11-09,9.6097,53.5534,1,Mittelnkirchen-Hohenfelde
4878,1930-01-01,2020-11-09,10.8811,51.6646,504,Oberharz am Brocken-Stiege
4880,1984-12-01,2020-11-09,10.1240,49.0878,450,Stimpfach-Weipertshofen
4881,1977-10-01,1994-07-31,9.0152,47.8591,532,Stockach
4886,1975-11-01,2007-05-26,9.3667,53.8333,3,Störsperrwerk
4887,1947-01-01,2020-11-09,9.8648,48.6656,734,Stötten
4896,1974-12-01,2020-11-09,9.8050,54.6654,40,Wagersrott
4911,1951-01-01,2020-11-09,12.5597,48.8275,351,Straubing
4919,1977-10-01,2020-11-09,8.8069,54.4965,7,Strucklahnungshörn
4926,1946-01-01,2013-05-13,9.2167,48.7896,224,Stuttgart (Neckartal)
4927,1949-08-01,1984-07-31,9.1814,48.7693,286,Stuttgart-Stadt
4928,1958-01-01,2020-11-09,9.2000,48.8281,314,Stuttgart (Schnarrenberg)
4929,1984-09-01,1985-05-31,9.2000,48.8333,311,Stuttgart (Schnarrenberg Aero)
4931,1953-01-01,2020-11-09,9.2235,48.6883,371,Stuttgart-Echterdingen
4933,1900-01-01,1977-06-30,9.2147,48.7091,401,Stuttgart-Hohenheim
4939,1947-01-01,1958-12-31,11.1167,51.7333,235,"Suderode, Bad"
4947,1988-08-17,2020-11-09,10.9200,52.2317,129,Süpplingen
4977,1993-01-01,2002-04-30,11.9724,52.5447,45,Tangermünde
4978,1986-01-01,2020-11-09,10.0228,50.639,395,Tann/Rhön
4987,1986-05-01,2004-06-30,9.6747,49.6122,179,Tauberbischofsheim-Dittigheim
4996,1936-01-01,1999-10-31,11.7639,47.7099,837,Tegernsee
4997,1994-10-01,2020-11-09,12.3419,50.9771,196,Starkenberg-Tegkwitz
5009,1947-01-01,2020-11-09,12.5574,53.761,38,Teterow
5014,1952-01-01,2020-11-09,8.9857,53.2758,7,Worpswede-Hüttenbusch
5017,1948-01-01,2020-11-09,11.3889,50.4002,633,Teuschnitz
5024,1947-01-01,1950-12-31,12.0328,52.2084,67,Möckern-Räckendorf
5029,1975-06-01,2020-11-09,7.0385,49.4737,386,Tholey
5032,1986-05-01,2003-12-31,9.8469,49.885,197,Thüngersheim
5039,1991-01-01,1998-12-31,10.1613,50.843,236,Tiefenort
5046,1967-01-01,2020-11-09,12.3542,49.8576,501,Tirschenreuth-Lodermühl
5047,1948-01-01,1995-12-31,8.1933,47.9394,870,Titisee-Neustadt-Langenordnach
5049,1957-01-01,2008-05-01,8.1460,47.8991,846,Titisee-Neustadt-Titisee
5059,1982-10-01,2002-12-31,7.9988,47.7279,781,Todtmoos
5063,1936-01-01,2007-05-31,11.5819,47.7566,724,"Tölz, Bad"
5064,2004-12-01,2020-11-09,6.4437,51.2897,37,Tönisvorst
5067,1937-01-01,1966-09-30,9.5628,51.7643,491,Torfhaus im Solling
5068,1936-01-01,1990-12-31,13.0000,51.5833,80,Torgau
5074,1936-01-01,1960-12-31,12.6566,47.8663,626,Traunstein-Sparz
5075,1971-10-01,2004-06-30,12.6182,47.8516,635,Traunstein-Axdorf
5078,1940-01-01,2020-11-09,10.8892,53.9619,2,Travemünde
5088,1991-01-01,2000-12-31,13.2460,54.5337,3,Trent
5094,1949-01-01,2001-12-31,8.2283,48.1316,683,Triberg
5095,1975-07-01,2001-09-01,8.2330,48.1288,700,Triberg (Kurpark)
5097,1991-01-01,2020-11-09,12.7675,54.0661,10,Tribsees
5099,1907-05-01,2020-11-09,6.6131,49.7326,132,Trier-Zewen
5100,1937-01-01,2020-11-09,6.6583,49.7479,265,Trier-Petrisberg
5105,1947-01-01,1973-02-28,9.2472,48.3132,700,Trochtelfingen
5107,1988-06-01,2003-12-31,9.3137,48.2814,769,Trochtelfingen-Wilsingen
5109,2000-07-01,2020-11-09,13.3039,53.5997,69,Trollenhagen
5111,1945-01-01,2020-11-09,12.5396,48.0311,560,Trostberg
5120,1950-01-01,1982-04-30,9.0515,48.5198,370,Tübingen
5127,1991-02-01,2003-12-31,8.8179,48.0083,649,Tuttlingen
5128,1979-06-01,1990-12-31,8.7900,47.9682,668,Tuttlingen-Möhringen-Vorstadt
5133,1998-06-01,2020-11-09,8.9132,51.3344,295,Twistetal-Mühlhausen
5138,1946-01-01,2003-12-31,9.1562,47.7713,446,Überlingen/Bodensee
5142,1947-01-01,2020-11-09,14.0697,53.7444,1,Ueckermünde
5146,1951-01-01,2020-11-09,10.5289,52.9414,50,Uelzen
5149,1951-03-01,2020-11-09,10.1915,49.5741,306,Gollhofen
5154,1974-01-01,1996-09-30,9.9833,48.4,576,Ulm-Wilhelmsburg
5155,1944-01-01,2014-09-01,9.9524,48.3837,567,Ulm
5158,1987-12-01,2020-11-09,11.1759,52.1601,162,Ummendorf
5165,1948-02-01,2006-12-31,10.2898,52.8499,95,Unterlüß
5174,1975-01-01,2005-12-31,9.4003,48.4951,471,"Urach, Bad"
5185,1971-11-01,2006-12-31,11.0704,49.5933,291,Uttenreuth
5226,1987-06-11,2001-11-17,10.9151,47.953,708,Vilgertshofen
5229,1947-01-01,2020-11-09,8.4608,48.0453,719,Villingen-Schwenningen
5236,1959-01-01,1979-12-31,8.3112,52.8318,51,Visbek
5244,1961-01-01,1982-02-28,6.8612,49.2581,220,Völklingen-Stadt
5245,1976-01-01,1999-08-31,6.8804,49.2495,187,Völklingen (Kraftwerk-Fenne)
5249,1987-12-08,1990-12-31,12.1833,47.95,464,Vogtareuth (A)
5250,1936-01-01,2003-12-31,7.6353,48.0908,223,Vogtsburg-Oberrotweil
5252,1947-01-01,1957-12-31,9.5845,52.103,100,Voldagsen
5267,1963-06-01,1975-12-31,11.0222,52.0722,86,Wackersleben
5275,1985-10-01,2020-11-09,8.5374,49.2445,105,Waghäusel-Kirrlach
5277,1998-01-01,2009-06-30,9.1280,50.8119,349,Wahlen
5279,1951-01-01,2020-11-09,9.5749,51.6194,176,Wesertal-Lippoldsberg
5280,1981-04-01,2020-11-09,10.2267,53.9224,35,Wittenborn
5282,1917-01-01,1974-06-30,13.6744,51.1197,246,Wahnsdorf bei Dresden
5284,1978-01-01,1991-12-31,9.3228,48.8279,224,Waiblingen
5289,1983-01-01,2008-04-30,8.5612,48.4918,595,Waldachtal-Lützenhardt
5291,1948-01-01,1961-12-31,8.1558,47.976,1005,Waldau-Jostal
5296,1947-01-01,1989-04-30,9.0658,51.207,376,Waldeck
5300,1951-01-01,2020-11-09,8.3607,50.2596,380,Waldems-Reinborn
5306,1971-12-01,2003-12-31,13.4641,48.9293,940,Waldhäuser (National Park)
5308,1970-04-09,1986-12-31,10.7562,52.8009,72,Waldhof (Lüneburger Heide UBA)
5317,1949-01-01,1957-12-31,12.2979,50.0097,509,Waldsassen
5319,1981-08-01,2020-11-09,9.7076,47.9167,576,"Waldsee, Bad-Reute"
5320,1953-01-01,1991-06-30,8.2388,47.6172,330,Waldshut
5327,1981-07-14,2020-11-09,9.3975,49.5789,404,Walldürn
5335,1981-01-01,2020-11-09,10.5484,50.8963,348,Waltershausen
5344,1941-03-01,2006-12-31,7.9096,53.7865,2,Wangerooge
5347,1998-01-01,2020-11-09,9.1118,51.5039,236,Warburg
5349,1889-07-01,2020-11-09,12.6654,53.5196,73,Waren (Müritz)
5361,1949-01-01,2005-12-31,9.4420,50.6271,270,Wartenberg-Angersbach
5369,1949-01-01,1993-12-31,12.2202,48.0572,443,Wasserburg
5371,1936-01-01,2020-11-09,9.9427,50.4973,921,Wasserkuppe
5377,1948-01-01,1953-09-30,12.9337,47.5714,1923,Watzmannhaus
5397,1947-01-01,2020-11-09,12.1845,49.6663,440,Weiden
5398,1948-01-01,1971-06-30,10.6487,49.1965,425,"Weidenbach, Kr.Ansbach"
5403,1991-11-01,2004-12-31,10.2588,49.59,309,Weigenheim-Reusch
5404,1936-07-01,2020-11-09,11.6946,48.4024,477,Weihenstephan-Dürnast
5410,1947-01-01,1993-06-30,8.2588,50.4732,150,Weilburg (Kläranlage)
5412,1991-05-31,2020-11-09,8.1964,47.6802,771,Weilheim-Bierbronnen
5419,1950-01-01,2007-06-30,11.3076,50.9751,264,Weimar
5424,1949-03-01,2020-11-09,11.3544,51.0177,328,Weimar-Schöndorf
5426,1953-01-01,2020-11-09,8.1213,49.3758,553,Weinbiet
5429,1953-01-01,1984-06-30,9.2920,49.1512,219,Weinsberg
5431,1947-01-01,1976-09-30,11.8000,53.0333,24,Weisen bei Wittenberge
5433,1957-01-01,2020-11-09,6.8120,49.5534,380,Weiskirchen/Saar
5434,1951-01-01,1992-05-31,11.2364,50.0858,317,Weismain
5435,1981-01-01,2003-12-31,8.9073,48.8457,455,Weissach
5440,1879-01-01,2020-11-09,10.9308,49.0115,439,Weißenburg-Emetzheim
5442,1949-04-01,2005-12-31,11.9154,51.2002,109,Weißenfels
5445,1983-02-01,2007-12-31,10.9956,51.212,165,Weißensee-Ottenhausen
5453,1992-06-01,2003-12-31,7.6976,48.188,174,Weisweil-Waldeckhof
5460,1978-12-01,1984-07-31,8.6954,48.1477,655,Wellendingen
5463,1994-12-01,2000-01-31,14.6898,52.0654,58,Wellmitz
5467,1951-01-01,2012-09-21,12.0119,47.7035,1832,Wendelstein
5480,1975-01-01,2020-11-09,7.8879,51.5763,85,Werl
5488,1949-01-01,1986-03-31,10.0482,49.9622,216,"Mühlhausen, Kr. Schweinfurt"
5490,1947-01-01,2020-11-09,10.7686,51.8454,233,Wernigerode
5498,1947-07-10,2004-11-30,9.5428,49.7667,140,Wertheim-Eichel
5514,1936-01-01,1961-12-31,8.3117,54.899,3,Westerland
5515,1965-01-01,1986-12-31,8.3080,54.9231,12,Westerland (UBA)
5516,1948-01-01,2020-11-09,11.0606,54.5283,3,Fehmarn
5533,1990-12-01,2003-12-31,10.5843,51.617,351,Wieda
5538,1999-02-01,2020-11-09,11.1576,47.8827,551,Wielenbach (Demollstr.)
5540,1936-01-01,2012-06-30,8.2603,50.0681,147,Wiesbaden (Süd)
5541,1987-06-01,2020-11-09,8.3170,50.132,263,Wiesbaden-Auringen
5543,1960-01-01,1986-07-31,8.1872,50.0863,235,Wiesbaden-Dotzheim
5546,1986-07-01,2020-11-09,12.4585,52.1207,187,Wiesenburg
5559,1949-01-01,2001-06-30,8.5764,48.7848,383,"Wildbad, Bad-Calmbach"
5560,1946-01-01,2003-11-30,8.5365,48.7501,740,"Wildbad, Bad-Sommerberg"
5562,1995-04-01,2020-11-09,8.6801,48.6516,570,Neubulach-Oberhaugstett
5564,1975-01-01,1992-03-31,6.2167,51.1167,88,Wildenrath
5568,1947-01-01,2001-03-31,9.1081,51.1056,310,"Wildungen, Bad"
5575,1953-01-01,1998-06-30,8.1060,53.5901,1,Wilhelmshaven
5582,1940-01-01,2005-12-31,8.6026,51.294,580,Willingen/Upland
5583,1983-08-01,2006-01-31,8.6673,51.2818,594,Willingen/Upland-Usseln
5609,1994-08-01,2002-03-31,9.4699,48.8031,240,"Winterbach, Rems-Murr-Kreis"
5610,1958-01-01,2008-12-31,8.5268,51.1968,681,Winterberg
5624,1947-01-01,1950-12-31,11.4254,53.9026,13,Wismar
5629,1937-01-01,2020-11-09,12.6445,51.8892,105,Wittenberg
5640,1969-01-01,2020-11-09,7.6672,53.5504,8,Wittmundhafen
5642,2000-07-02,2001-09-28,12.5167,53.1833,72,Wittstock
5643,1994-03-01,2020-11-09,12.4949,53.1864,66,Wittstock-Rote Mühle
5644,1948-01-01,1999-08-31,9.8438,51.3493,133,Witzenhausen
5654,1948-07-01,2007-12-31,10.2296,49.2178,464,Wörnitz-Bottenweiler
5663,1979-01-01,1996-11-30,13.6099,53.4618,118,Woldegk
5664,1958-01-01,2020-11-09,8.2391,48.2953,296,Wolfach
5665,1979-10-01,2010-05-01,9.7970,47.818,677,Wolfegg
5675,1961-01-01,1988-08-31,10.7587,52.4411,56,Wolfsburg
5676,1981-04-01,2020-11-09,10.6892,52.3962,82,Wolfsburg (Südwest)
5681,1981-09-01,1998-12-31,7.6234,49.5811,200,Wolfstein/Pfalz
5688,2018-11-01,2020-11-09,8.1057,47.7003,880,Dachsberg-Wolpadingen
5692,1936-01-01,2020-11-09,8.3659,49.6051,88,Worms
5703,1951-01-01,1986-01-31,9.8949,49.7964,170,Würzburg (Klärwerk)
5705,1947-01-01,2020-11-09,9.9576,49.7704,268,Würzburg
5707,1901-01-01,1953-01-31,9.9280,49.7995,175,Würzburg (Physikalisches-Institut)
5715,1974-01-01,2020-11-09,9.4311,52.4605,57,Wunstorf
5717,1937-01-01,2020-11-09,7.1052,51.2256,134,Wuppertal-Buchenhofen
5719,2004-10-01,2009-12-10,7.2000,51.2051,235,Remscheid
5728,1952-04-01,1981-12-31,12.8714,52.8039,35,Wustrau-Ziethenhorst
5731,1961-01-01,2020-11-09,8.3801,47.6783,398,Wutöschingen-Ofteringen
5732,1887-07-01,2003-06-30,8.5271,54.6928,8,Wrixum/Föhr
5745,1948-07-01,2020-11-09,13.3268,52.9664,51,Zehdenick
5750,1952-09-01,2020-11-09,12.1495,51.0314,264,Zeitz
5761,1903-11-01,1980-12-31,12.0996,51.9642,69,Zerbst
5778,1991-01-01,2004-07-31,13.8989,54.0801,2,Zinnowitz
5779,1971-01-01,2020-11-09,13.7516,50.7314,877,Zinnwald-Georgenfeld
5792,1900-08-01,2020-11-09,10.9848,47.421,2965,Zugspitze
5797,1863-12-03,2020-11-09,12.4329,50.6879,349,Lichtentanne
5800,1998-01-01,2020-11-09,13.2385,49.028,615,Zwiesel
5802,1948-01-01,2003-09-30,13.2137,49.0007,615,Zwieselberg
5821,1961-01-01,1976-12-31,8.7190,52.8482,36,Bassum (A)
5822,1975-10-01,2020-11-09,8.6988,52.863,40,Bassum
5825,1953-07-01,2020-11-09,12.7867,52.6198,40,Berge
5832,1946-01-01,1954-11-30,11.0455,53.1007,50,Dannenberg
5839,1997-07-01,2020-11-09,7.2287,53.3881,0,Emden
5840,1974-06-01,2005-03-31,8.4699,48.6669,600,Enzklösterle
5841,1977-03-01,1979-02-28,8.4667,48.6667,600,Enzklösterle (A)
5851,1997-03-12,2020-11-09,8.8769,51.0806,392,Frankenberg-Geismar
5856,1996-12-31,2020-11-09,13.3532,48.5451,476,Fürstenzell
5871,1998-11-01,2020-11-09,7.2645,49.9462,497,Hahn
5877,1997-03-10,2020-11-09,10.8002,54.316,5,Putlos
5885,1951-01-01,1977-05-31,9.4203,48.6582,289,Kirchheim/Teck-Ötlingen
5890,1951-01-01,1991-07-31,11.0473,47.6777,850,"Kohlgrub, Bad (A)"
5898,1949-03-01,1984-06-30,9.2058,48.8943,287,Ludwigsburg
5904,1978-05-01,2005-01-31,11.7772,48.6493,431,Mainburg
5906,1936-01-01,2020-11-09,8.5585,49.5062,98,Mannheim
5912,1950-01-01,2003-12-31,9.5380,51.0989,169,Malsfeld
5920,1950-01-01,1997-07-31,7.4275,50.4485,91,Neuwied
5930,1981-08-01,2020-11-09,10.0238,54.641,1,Schönhagen (Ostseebad)
5941,1945-01-01,2020-11-09,12.4698,47.6754,686,Reit im Winkl
5971,1951-01-01,1963-02-28,9.6342,48.8787,510,Welzheim (A)
6086,1997-11-01,2000-06-30,13.7590,52.7786,71,Melchow-Schönholz
6091,1997-10-08,2020-11-09,7.6721,53.7674,14,Spiekeroog (SWN)
6093,1998-02-01,2020-11-09,10.4704,53.2139,62,Wendisch Evern
6095,1998-05-01,1999-09-30,13.4486,51.0838,273,Taubenheim-Seeligstadt
6096,1998-07-17,2020-11-09,10.7301,49.1423,416,Altmühlsee
6097,1998-11-04,2020-11-09,12.5014,54.4738,4,Darßer Ort (SWN)
6098,2000-05-03,2010-04-30,9.0237,47.8147,398,Stockach-Espasingen
6099,2000-04-20,2020-11-09,8.7318,47.702,450,Gailingen
6101,1999-12-16,2020-11-09,11.6719,54.1323,51,Bastorf-Kägsdorf (SWN)
6102,1999-03-31,2020-11-09,9.6843,47.5396,397,Lindau (SWN)
6103,2000-06-06,2020-11-09,11.2617,47.4287,923,Mittenwald/Obb.
6105,1998-06-01,2020-11-09,9.8051,54.3194,14,Ostenfeld (Rendsburg)
6106,2002-06-30,2020-11-09,12.7149,53.3311,62,Rechlin
6107,1999-04-14,2020-11-09,9.1035,47.8076,703,Sipplingen (SWN)
6108,2001-06-27,2020-11-09,9.4192,53.7197,7,Ruthenstrom
6109,1998-10-01,2020-11-09,14.3728,53.3837,50,Grambow-Schwennenz
6110,1998-09-01,2004-08-31,13.4949,53.8545,11,Medow-Wussentin
6112,1998-10-01,2000-01-31,13.1430,54.267,2,Stralsund-Devin
6129,1999-05-01,2020-11-09,14.4266,51.0593,290,Sohland/Spree
6136,1982-08-01,1995-04-30,8.3000,50.7,220,Dillenburg-Niederscheld (Kläranlage)
6157,1999-02-01,2020-11-09,8.0808,53.641,8,Wangerland-Hooksiel
6158,1999-07-01,2020-11-09,10.6084,49.2247,455,Weidenbach-Weiherschneidbach
6159,1959-03-01,2020-11-09,7.3196,52.9542,8,Dörpen
6163,1999-10-04,2020-11-09,10.3519,54.1654,27,Dörnick
6170,2000-02-01,2020-11-09,14.7254,52.0192,40,Coschen
6181,1987-06-01,1992-12-31,9.4281,51.3154,218,Kassel-Wilhelmshöhe
6182,2000-04-01,2012-03-27,12.1743,48.7757,404,Mallersdorf-Pfaffenberg
6183,1976-02-01,1989-12-31,8.3268,54.9101,16,Westerland (Wind)
6184,1988-08-01,2009-06-15,8.1667,53.5333,6,Wilhelmshaven (Flugplatz)
6186,2000-04-01,2019-05-27,7.8651,50.1989,268,Nastätten
6189,1971-01-01,1995-08-31,9.3500,53.1333,34,Rotenburg (Wümme) (Flugplatz)
6192,2000-02-01,2008-10-31,7.8458,49.8083,115,"Münster am Stein, Bad"
6196,2000-09-01,2020-11-09,12.0386,50.1587,610,Selb-Spielberg
6197,2000-10-11,2020-11-09,9.2710,51.8664,258,Lügde-Paenbruch
6199,2000-08-01,2020-11-09,13.0418,54.2484,16,Steinhagen-Negast
6211,1987-06-10,2020-11-09,12.1735,47.955,464,Vogtareuth (Kläranlage)
6217,2001-04-01,2020-11-09,6.9351,49.2406,190,Saarbrücken-Burbach
6219,2001-07-01,2001-10-31,11.1043,48.8768,394,Dollnstein-Breitenfurt
6221,1991-09-03,1994-06-30,7.0781,53.5084,6,Krummhörn (Hooge)
6238,2001-11-23,2017-07-29,11.2690,47.9946,675,Starnberg-Perchting
6242,2018-10-19,2020-11-09,7.4890,50.4088,64,Mülheim-Kärlich
6243,2018-07-12,2020-11-09,8.4422,49.2506,96,Philippsburg KKW
6244,2018-07-12,2020-11-09,9.0804,49.365,145,Obrigheim
6245,2018-06-11,2020-11-09,9.1733,49.0423,180,Neckarwestheim KKW
6247,2018-07-01,2020-11-09,8.1813,47.6078,307,Dogern (Leibstadt)
6253,2001-10-01,2020-11-09,12.5667,52.4228,31,Brandenburg/Havel
6255,2018-10-18,2018-12-31,6.3968,49.4667,351,Perl/Saar
6258,2003-01-01,2020-11-09,9.4409,47.6845,461,Friedrichshafen-Unterraderach
6259,2004-06-01,2020-11-09,9.6033,49.021,524,Großerlach-Mannenweiler
6260,2002-12-01,2020-11-09,9.7040,49.3328,385,Ingelfingen-Stachenhausen
6262,2002-11-01,2020-11-09,9.8737,48.7695,413,Schwäbisch Gmünd-Weiler
6263,2004-07-01,2020-11-09,8.8219,47.7738,445,Singen
6264,2004-06-01,2020-11-09,8.6500,51.414,457,Brilon-Thülen
6265,2004-05-01,2020-11-09,12.3867,52.3613,36,Wusterwitz
6266,2004-09-01,2020-11-09,10.9626,52.0304,112,Huy-Pabstorf
6272,2004-10-01,2020-11-09,10.2518,50.8426,283,Moorgrund Gräfen-Nitzendorf
6273,2004-06-01,2020-11-09,11.8551,52.5075,36,Demker
6275,2004-07-01,2020-11-09,9.4627,48.6705,325,Notzingen
6277,1971-01-01,1990-04-30,10.6667,52.4167,66,Wolfsburg (Schleuse)
6304,2002-10-01,2006-12-31,11.5053,49.3533,550,Pilsach-Litzlohe
6305,2004-12-01,2020-11-09,10.4978,51.2061,193,Mühlhausen/Thüringen-Görmar
6310,2004-08-01,2020-11-09,13.8239,54.1049,1,Karlshagen
6312,2004-11-01,2020-09-30,10.6418,49.5314,362,Markt Erlbach-Mosbach
6314,1949-02-01,2020-11-09,13.3003,51.0507,308,Nossen
6336,2005-11-01,2020-11-09,9.6540,50.0132,288,Lohr/Main-Halsbach
6337,2004-08-01,2020-11-09,7.5194,51.7663,59,Lüdinghausen-Brochtrup
6344,2004-12-01,2020-11-09,8.1423,50.394,168,Runkel-Ennerich
6346,2005-02-01,2020-11-09,11.2035,48.207,531,Maisach-Galgen
6347,2005-03-01,2020-11-09,10.2972,50.0579,304,Schonungen-Mainberg
7075,2005-02-01,2020-11-09,11.8493,48.702,429,Elsendorf-Horneck
7099,2004-11-01,2020-11-09,10.3966,52.0111,187,Liebenburg-Othfresen
7105,2005-06-01,2020-11-09,12.6548,47.835,719,Siegsdorf-Höll
7106,2006-09-01,2020-11-09,8.4565,52.0714,105,Bielefeld-Deppendorf
7135,1951-01-01,2004-12-31,9.6804,47.9655,565,Aulendorf-Haslach
7187,2004-12-01,2020-11-09,9.4063,49.7636,193,Freudenberg/Main-Boxtal
7244,1967-01-01,2004-09-30,13.0319,53.1424,62,Neuglobsow (HM)
7298,2005-07-01,2020-11-09,9.0425,54.5268,5,Hattstedt
7308,1985-02-06,2018-01-25,11.1540,47.8847,541,Wielenbach
7319,2005-03-01,2020-11-09,10.7393,48.7374,435,Donauwörth-Osterweiler
7321,2005-09-01,2020-11-09,11.3321,51.1507,160,Olbersleben
7325,2011-09-01,2017-01-16,10.9794,47.4167,2650,Schneefernerhaus
7329,2005-11-01,2020-11-09,12.2863,50.5467,465,Treuen
7330,2005-10-01,2020-11-09,7.9780,51.4633,159,Arnsberg-Neheim
7331,2005-09-01,2020-11-09,10.2674,48.6099,468,Hermaringen-Allewind
7341,2005-07-15,2020-11-09,8.7862,50.09,119,Offenbach-Wetterpark
7343,2006-04-01,2020-11-09,13.4816,50.6199,688,Deutschneudorf-Brüderwiese
7350,2006-08-01,2020-11-09,12.8231,49.1088,585,Prackenbach-Neuhäusl
7351,2005-09-08,2020-11-09,13.4175,53.3175,116,Feldberg/Mecklenburg
7364,2007-01-01,2020-11-09,12.3042,51.682,74,Jeßnitz
7367,2007-12-01,2020-11-09,9.8072,51.9643,144,Alfeld
7368,2007-11-01,2020-11-09,10.3621,51.0007,312,Eisenach
7369,2007-11-01,2020-11-09,10.3661,49.1623,475,Feuchtwangen-Heilbronn
7370,2006-12-11,2020-11-09,12.6838,49.391,499,Waldmünchen
7373,2006-03-01,2020-11-09,6.7024,53.5984,3,Borkum-Flugplatz
7374,2006-03-01,2020-11-09,6.9409,52.0813,46,Ahaus
7389,2006-12-01,2020-11-09,13.8427,52.7461,82,Heckelberg
7391,2012-02-01,2020-11-09,8.9669,49.5561,443,Oberzent-Beerfelden-Vogelherd
7392,2008-01-01,2020-11-09,10.4487,50.3332,304,Aubstadt
7393,2010-01-01,2020-11-09,14.2533,51.4493,116,Hoyerswerda
7394,2006-06-01,2020-11-09,11.9745,50.0315,622,Wunsiedel-Schönbrunn
7395,2007-12-01,2020-11-09,12.5388,48.6595,351,Gottfrieding
7396,2008-05-01,2020-11-09,9.2247,50.5084,743,Hoherodskopf/Vogelsberg
7403,2007-03-30,2020-11-09,10.0324,47.7955,672,Leutkirch-Herlazhofen
7410,2011-02-01,2020-11-09,9.0224,50.7513,350,Neu-Ulrichstein
7412,2006-10-01,2020-11-09,9.4238,50.0083,340,Neuhütten/Spessart
7416,2008-09-11,2020-11-09,8.2733,51.0112,541,Birkelbach
7419,2006-12-01,2020-11-09,12.0756,50.661,389,Langenwetzendorf-Göttendorf
7420,2007-04-01,2020-11-09,11.7112,51.1044,246,Naumburg/Saale-Kreipitzsch
7424,2006-12-01,2020-11-09,12.9073,47.7724,457,Piding
7427,2007-09-01,2020-11-09,9.9255,54.0188,17,Padenstedt (Pony-Park)
7428,2007-05-01,2020-11-09,10.8156,50.4167,397,Veilsdorf
7431,2007-11-01,2020-11-09,11.5524,48.013,604,Oberhaching-Laufzorn
7432,2007-05-01,2020-11-09,10.6627,52.6423,72,Wittingen-Vorhop
10510,2009-01-01,2020-11-09,9.5046,48.8059,241,Winterbach/Remstal
13667,2006-11-23,2008-07-06,7.8450,48.0006,274,Freiburg-Mitte
13670,2007-05-31,2020-11-09,6.7018,51.5088,24,Duisburg-Baerl
13674,2007-08-01,2020-11-09,8.9053,49.2943,237,Waibstadt
13675,2007-11-01,2020-11-09,9.4077,52.0818,77,Hameln-Hastenbeck
13676,2010-01-01,2020-11-09,12.0323,48.8608,378,Langquaid-Oberschneidhart
13693,2008-06-11,2020-11-09,8.3111,51.9258,70,Gütersloh/Ems
13696,2007-12-01,2020-11-09,7.4048,51.5966,60,Waltrop-Abdinghof
13700,2008-05-01,2020-11-09,7.3411,51.3329,205,Gevelsberg-Oberbröking
13701,2008-09-01,2020-11-09,9.9885,51.1945,250,Eschwege-Eltmannshausen
13710,2008-04-01,2020-11-09,12.2576,48.5734,490,Landshut-Reithof
13711,2007-12-01,2020-11-09,11.5150,50.682,289,Krölpa-Rockendorf
13713,2007-11-01,2020-11-09,7.6289,51.0899,386,Meinerzhagen-Redlendorf
13776,2008-03-01,2010-12-31,9.9524,52.1789,85,Hildesheim-Drispenstedt
13777,2008-06-01,2020-11-09,10.9592,52.2467,110,Helmstedt-Emmerstedt
13900,1995-01-01,2019-03-11,9.3580,50.2688,145,"Soden,Bad-Salmünster (Kläranlage)"
13901,1979-02-01,2020-11-09,7.1998,51.7343,41,Haltern (Wasserwerk)
13903,2008-09-28,2009-08-31,8.3167,54.0167,15,Bake Zulu
13904,2008-09-28,2008-12-30,6.3333,55.0,3,Nordseeboje 2
13932,1987-05-21,2020-11-09,13.1938,48.3617,388,Rotthalmünster (Landwirtschaftsamt)
13952,2009-02-01,2020-11-09,8.0094,51.4089,278,Arnsberg-Müschede
13965,2008-12-01,2020-11-09,8.8134,48.2639,619,Balingen-Bronnhaupten
14003,1974-10-01,1980-09-30,10.6144,47.8619,728,Kaufbeuren (Flugplatz)
14138,2009-09-14,2017-01-16,14.1224,52.1655,73,Falkenberg (Grenzschichtmessfeld)
14311,1961-01-01,2005-12-31,6.5528,50.15,530,Hersdorf-Weißenseifen
15000,2011-04-01,2020-11-09,6.0244,50.7983,231,Aachen-Orsbach
15044,2011-10-01,2020-11-09,7.4058,50.4517,199,Neuwied-Feldkirchen-Hüllenberg
15120,2012-03-01,2020-11-09,8.7019,51.5572,379,Haaren
15122,2012-04-01,2020-11-09,10.2854,49.52,380,Ergersheim-Neuherberg
15189,2013-05-01,2020-11-09,12.5936,53.8281,12,Sukow-Levitzow
15190,2018-07-01,2020-11-09,6.4349,51.6802,18,Xanten (Wasserwerk)
15200,2013-06-01,2020-11-09,7.2157,51.2531,327,Wuppertal
15207,2013-11-01,2020-11-09,9.3590,51.2835,317,Schauenburg-Elgershausen
15214,2013-11-01,2020-11-09,10.8075,47.6248,808,Halblech-Bayerniederhofen
15444,2014-09-01,2020-11-09,9.9216,48.4418,593,Ulm-Mähringen
15520,2015-09-01,2020-11-09,12.2956,47.819,656,Frasdorf-Greimelberg
15526,1891-01-01,1935-12-31,9.9716,53.5467,29,Hamburg (Deutsche Seewarte)
15547,2016-10-01,2020-11-09,9.1428,49.1259,215,Heilbronn/Neckar
15555,2016-05-01,2020-11-09,10.5849,47.8761,815,Kaufbeuren-Oberbeuren
15801,2020-10-02,2020-11-09,13.5922,48.8257,717,Hinterschmiding-Sonndorf
15926,1951-01-01,1955-10-20,12.1330,49.341,370,Fronberg (Schwandorf)
15951,1976-04-01,2004-08-31,7.5882,49.2121,280,Pirmasens (Kläranlage)
15963,1954-01-01,2004-11-30,6.5089,51.3258,40,St. Tönis
15965,1969-05-01,1984-08-31,9.7838,50.3102,350,"Brückenau, Bad (Elisabethenhof)"
15976,2020-04-02,2020-11-09,8.2107,49.9529,216,Ober-Olm/Bellem
15978,2020-04-02,2020-11-09,7.8618,49.5044,316,Sembach
15979,1948-01-01,1979-03-31,7.5153,49.9311,426,Sargenroth
16085,1960-07-01,1961-12-31,8.6011,53.5874,8,Leherheide
19087,1957-05-01,1995-11-30,13.5528,48.8049,645,Freyung vorm Wald
19171,2020-09-01,2020-11-09,9.8553,54.0038,13,Hasenkrug-Hardebek
19172,2020-09-01,2020-11-09,9.3880,54.0246,48,Wacken
