Stations_id,von_datum,bis_datum,Stationshoehe,geoBreite,geoLaenge,Stationsname,Bundesland
00003,1950-04-01,2011-03-31,202,50.7827,6.0941,Aachen,Nordrhein-Westfalen
00044,2007-04-01,2020-11-04,44,52.9336,8.2370,Großenkneten,Niedersachsen
00052,1976-01-01,1988-01-01,46,53.6623,10.1990,Ahrensburg-Wulfsdorf,Schleswig-Holstein
00071,2009-12-01,2019-12-31,759,48.2156,8.9784,Albstadt-Badkap,Baden-Württemberg
00073,2007-04-01,2020-11-04,340,48.6159,13.0506,Aldersbach-Kriestorf,Bayern
00078,2004-11-01,2020-11-04,65,52.4853,7.9126,Alfhausen,Niedersachsen
00091,2004-09-01,2020-11-04,300,50.7446,9.3450,Alsfeld-Eifa,Hessen
00096,2019-04-09,2020-11-04,50,52.9437,12.8518,Neuruppin-Alt Ruppin,Brandenburg
00102,2002-01-01,2020-11-04,32,53.8633,8.1275,Leuchtturm Alte Weser,Niedersachsen
00106,1999-01-01,2006-12-01,500,51.7976,10.4429,Altenau,Niedersachsen
00125,1971-01-04,2020-11-04,756,47.8342,10.8667,Altenstadt,Bayern
00131,2004-11-01,2020-11-04,296,51.0881,12.9326,Geringswalde-Altgeringswalde,Sachsen
00142,1982-01-01,2020-11-04,511,48.406,11.3117,Altomünster-Maisbrunn,Bayern
00150,2005-07-01,2020-11-04,215,49.7273,8.1164,Alzey,Rheinland-Pfalz
00151,2005-03-01,2020-11-04,382,49.4691,11.8546,Amberg-Unterammersricht,Bayern
00154,2005-03-01,2020-11-04,516,48.0197,12.2925,Amerang-Pfaffing,Bayern
00161,2011-09-01,2020-11-04,75,50.4237,7.4202,Andernach,Rheinland-Pfalz
00164,1956-01-01,2020-11-04,54,53.0316,13.9908,Angermünde,Brandenburg
00167,2004-09-01,2020-11-04,9,53.8412,13.6846,Anklam,Mecklenburg-Vorpommern
00175,1955-01-01,1975-12-31,413,49.2964,10.5751,Ansbach,Bayern
00181,1999-09-28,2008-11-03,30,52.8761,11.5042,Arendsee,Sachsen-Anhalt
00183,1973-01-01,2020-11-04,42,54.6792,13.4343,Arkona,Mecklenburg-Vorpommern
00191,2004-11-04,2020-11-04,217,49.9694,9.9114,Arnstein-Müdesheim,Bayern
00198,1961-01-01,2020-11-04,164,51.3745,11.2920,Artern,Thüringen
00217,2005-01-01,2020-11-04,670,47.8774,11.3643,Attenkam,Bayern
00222,1982-01-01,2020-11-04,393,50.5908,12.7139,Aue,Sachsen
00232,1955-01-01,2020-11-04,462,48.4253,10.9417,Augsburg,Bayern
00257,2002-11-01,2020-11-04,240,48.727,8.2457,Baden-Baden-Geroldsau,Baden-Württemberg
00259,2004-07-01,2020-11-04,273,47.8064,7.6387,Müllheim,Baden-Württemberg
00268,1996-07-18,2008-12-31,622,48.5293,8.2727,Baiersbronn-Obertal,Baden-Württemberg
00282,1961-01-01,2020-11-04,240,49.8743,10.9206,Bamberg,Bayern
00284,1947-01-01,1955-01-01,282,49.88,10.8800,Bamberg (Sternwarte),Bayern
00294,2004-07-01,2020-11-04,110,52.3199,9.4300,Barsinghausen-Hohenbostel,Niedersachsen
00298,1981-01-01,2020-11-04,3,54.3406,12.7108,Barth,Mecklenburg-Vorpommern
00303,1993-08-19,2020-11-04,55,52.0614,13.4996,Baruth,Brandenburg
00314,2004-05-01,2020-11-04,234,51.1604,14.5042,"Kubschütz, Kr. Bautzen",Sachsen
00320,2006-07-01,2020-11-04,350,49.9667,11.5197,Heinersreuth-Vollhof,Bayern
00326,2004-07-01,2013-07-08,120,51.7204,8.0577,Beckum-Unterberg,Nordrhein-Westfalen
00330,2004-08-01,2020-11-04,455,49.5617,8.9673,Oberzent-Beerfelden,Hessen
00342,2010-12-01,2020-11-04,103,52.317,8.1694,Belm,Niedersachsen
00348,1989-12-15,2011-09-01,127,50.4135,7.5886,Bendorf,Rheinland-Pfalz
00350,1999-06-01,1999-12-31,540,51.6715,10.7268,Benneckenstein,Sachsen-Anhalt
00361,1948-01-01,1976-01-01,550,47.6344,13.0109,Berchtesgaden (KKst),Bayern
00368,2002-01-01,2020-11-04,70,52.8152,9.9248,Bergen,Niedersachsen
00377,2004-10-01,2020-11-04,210,49.107,7.9967,"Bergzabern, Bad",Rheinland-Pfalz
00379,2017-09-01,2020-11-04,303,50.9074,11.2665,"Berka, Bad (Flugplatz)",Thüringen
00390,2004-07-01,2020-11-04,610,50.9837,8.3683,"Berleburg, Bad-Stünzel",Nordrhein-Westfalen
00399,1969-12-01,2011-08-01,36,52.5198,13.4057,Berlin-Alexanderplatz,Berlin
00400,1991-01-01,2020-11-04,60,52.6309,13.5022,Berlin-Buch,Berlin
00403,2002-01-01,2020-11-04,51,52.4537,13.3017,Berlin-Dahlem (FU),Berlin
00410,2004-05-01,2020-06-15,33,52.404,13.7309,Berlin-Kaniswall,Berlin
00420,2007-08-01,2020-11-04,60,52.5447,13.5598,Berlin-Marzahn,Berlin
00424,1961-01-01,1981-01-01,36,52.5,13.4667,Berlin-Ostkreuz,Berlin
00427,1973-01-01,2020-11-04,46,52.3807,13.5306,Berlin-Brandenburg,Brandenburg
00430,1986-01-01,2020-11-04,36,52.5644,13.3088,Berlin-Tegel,Berlin
00433,1951-01-01,2020-11-04,48,52.4675,13.4021,Berlin-Tempelhof,Berlin
00445,2005-07-01,2020-11-04,85,51.8218,11.7110,Bernburg/Saale (Nord),Sachsen-Anhalt
00450,2005-11-01,2012-12-04,120,49.9186,7.0664,Bernkastel-Kues,Rheinland-Pfalz
00460,1961-01-01,2020-11-04,363,49.2641,6.6868,Berus,Saarland
00474,1975-06-01,1978-06-01,599,48.1252,9.7639,Warthausen-Birkenhard,Baden-Württemberg
00535,2004-06-01,2020-11-04,417,50.0372,7.3079,Blankenrath,Rheinland-Pfalz
00553,1951-01-01,1974-09-01,25,51.838,6.6107,Bocholt (Marienschule),Nordrhein-Westfalen
00554,1974-09-01,2006-02-28,23,51.8293,6.5365,Bocholt-Liedern (Wasserwerk),Nordrhein-Westfalen
00555,2008-01-01,2018-11-01,101,51.4789,7.2697,Bochum,Nordrhein-Westfalen
00591,1973-01-01,2020-11-04,45,53.3911,10.6878,Boizenburg,Mecklenburg-Vorpommern
00596,1973-01-01,2020-11-04,15,54.0028,11.1908,Boltenhagen,Mecklenburg-Vorpommern
00598,1949-01-01,1957-01-01,62,50.7285,7.0839,Bonn,Nordrhein-Westfalen
00599,1984-01-01,1997-12-01,62,50.7055,7.1467,Bonn-Friesdorf,Nordrhein-Westfalen
00601,2002-01-02,2003-10-31,158,50.6983,7.0356,Bonn-Hardthöhe,Nordrhein-Westfalen
00603,2001-04-03,2020-11-04,147,50.7293,7.2040,Königswinter-Heiderhof,Nordrhein-Westfalen
00617,2004-06-01,2020-11-04,47,51.873,6.8863,Borken in Westfalen,Nordrhein-Westfalen
00656,1948-01-01,2020-11-04,607,51.7234,10.6021,Braunlage,Niedersachsen
00662,1951-01-01,2020-11-04,81,52.2915,10.4464,Braunschweig,Niedersachsen
00685,2002-01-01,2006-10-31,585,49.9017,9.4281,Breitsol,Bayern
00691,1949-01-01,2020-11-04,4,53.045,8.7979,Bremen,Bremen
00701,1949-01-01,2020-11-04,7,53.5332,8.5761,Bremerhaven,Bremen
00704,1991-01-01,2020-11-04,11,53.4451,9.1390,Bremervörde,Niedersachsen
00722,1951-01-01,2020-11-04,1134,51.7986,10.6183,Brocken,Sachsen-Anhalt
00755,2004-06-01,2020-11-04,340,49.5182,9.3213,"Buchen, Kr. Neckar-Odenwald",Baden-Württemberg
00757,2004-06-01,2020-11-04,445,47.9625,7.9983,Buchenbach,Baden-Württemberg
00760,2017-12-01,2020-11-04,82,53.3629,9.9435,Rosengarten-Klecken,Niedersachsen
00766,2002-01-01,2020-11-04,477,50.1746,7.0595,Büchel (Flugplatz),Rheinland-Pfalz
00769,2002-01-01,2020-11-04,68,52.2817,9.0889,Bückeburg,Niedersachsen
00817,2005-02-01,2020-11-04,293,51.0306,8.8146,Burgwald-Bottendorf,Hessen
00840,1991-01-01,2020-11-04,897,50.4313,12.6114,Carlsfeld,Sachsen
00850,2002-01-01,2020-11-04,39,52.5959,10.0296,Celle,Niedersachsen
00853,1951-01-01,2020-11-04,418,50.7913,12.8720,Chemnitz,Sachsen
00856,1991-01-01,2020-11-04,551,47.8843,12.5404,Chieming,Bayern
00863,2007-10-01,2012-04-03,585,51.7904,10.3470,Clausthal-Zellerfeld,Niedersachsen
00867,1947-01-01,2020-11-04,344,50.3066,10.9679,Lautertal-Oberlauter,Bayern
00876,1973-01-01,1989-01-01,314,51.304,13.0096,Collmberg,Sachsen
00879,2002-01-01,2003-06-11,68,51.7667,14.2833,Cottbus (Flugplatz),Brandenburg
00880,1956-01-01,2020-11-04,69,51.776,14.3168,Cottbus,Brandenburg
00891,1951-01-01,2020-11-04,5,53.8713,8.7058,Cuxhaven,Niedersachsen
00896,2004-08-01,2020-11-04,170,51.0778,10.8619,Dachwig,Thüringen
00917,2004-09-01,2020-11-04,162,49.8809,8.6779,Darmstadt,Hessen
00919,1958-01-01,1972-01-01,169,49.8697,8.6796,Darmstadt-Botanischer Garten,Hessen
00920,1972-01-01,1987-09-29,108,49.8564,8.5929,Darmstadt (US-Air-Base),Hessen
00953,1955-01-01,2020-11-04,481,49.7619,7.0542,Deuselbach,Rheinland-Pfalz
00954,2000-05-01,2020-11-03,0,54.1796,7.4587,UFS Deutsche Bucht,Hamburg
00963,1994-01-03,2020-11-04,38,52.5881,8.3424,Diepholz,Niedersachsen
00979,2004-09-01,2020-11-04,314,50.7364,8.2672,Dillenburg,Hessen
00982,1976-01-01,1978-06-01,420,48.5701,10.4985,Dillingen/Donau,Bayern
00983,2006-12-01,2020-11-04,419,48.5562,10.5599,Dillingen/Donau-Fristingen,Bayern
00991,2005-02-01,2020-11-04,359,50.9116,13.7087,Dippoldiswalde-Reinberg,Sachsen
00998,1996-10-01,2009-02-01,696,48.7968,8.4921,Dobel,Baden-Württemberg
01001,1981-01-01,2020-11-04,97,51.6451,13.5747,Doberlug-Kirchhain,Brandenburg
01048,1973-01-01,2020-11-04,227,51.128,13.7543,Dresden-Klotzsche,Sachsen
01050,2006-04-01,2020-11-04,114,51.0221,13.8470,Dresden-Hosterwitz,Sachsen
01051,2007-03-01,2020-11-04,120,51.0248,13.7750,Dresden-Strehlen,Sachsen
01052,2004-07-01,2020-11-04,80,52.2174,12.1641,Drewitz bei Burg,Sachsen-Anhalt
01072,2004-06-01,2020-11-04,107,49.4719,8.1929,"Dürkheim, Bad",Rheinland-Pfalz
01076,1996-05-14,2009-01-01,692,48.0135,8.5343,"Dürrheim, Bad",Baden-Württemberg
01078,1976-03-01,2020-11-04,37,51.296,6.7686,Düsseldorf,Nordrhein-Westfalen
01103,2006-10-01,2020-11-04,592,48.1003,11.9872,Ebersberg-Halbing,Bayern
01107,2004-12-01,2020-11-04,346,49.852,10.4991,Ebrach,Bayern
01130,2002-01-01,2005-04-22,17,54.6282,9.3649,Eggebek,Schleswig-Holstein
01161,2005-02-01,2020-11-04,384,48.8777,11.2349,Eichstätt-Landershofen,Bayern
01197,1948-01-01,2020-11-04,460,48.9895,10.1312,Ellwangen-Rindelbach,Baden-Württemberg
01200,2002-01-01,2020-11-04,3,54.0691,9.0105,Elpersbüttel,Schleswig-Holstein
01207,2006-03-01,2020-11-04,558,50.2705,12.2742,"Elster, Bad-Sohl",Sachsen
01214,2004-08-01,2020-11-04,431,48.2012,8.1088,Elzach-Fisnacht,Baden-Württemberg
01219,1971-01-01,1998-11-02,5,53.3449,7.1909,Emden-Nesserland,Niedersachsen
01221,1949-01-01,1971-01-01,0,53.3707,7.2236,Emden-Wolthusen,Niedersachsen
01224,2002-12-01,2020-11-04,201,48.1378,7.8351,Emmendingen-Mundingen,Baden-Württemberg
01228,2002-01-01,2020-11-04,0,54.1651,6.3460,UFS TW Ems,Hamburg
01239,2004-07-01,2008-09-23,540,47.8516,8.7673,Engen/Hegau,Baden-Württemberg
01246,2015-08-01,2020-11-04,104,51.8418,8.0607,Ennigerloh-Ostenfelde,Nordrhein-Westfalen
01255,2002-12-01,2018-12-31,220,49.1664,8.8523,Eppingen-Elsenz,Baden-Württemberg
01262,1992-05-17,2020-11-04,446,48.3477,11.8134,München-Flughafen,Bayern
01266,2004-06-01,2020-11-04,18,54.2992,9.3162,Erfde,Schleswig-Holstein
01270,1951-01-01,2020-11-04,316,50.9829,10.9608,Erfurt-Weimar,Thüringen
01279,1986-11-01,2020-11-04,268,49.6497,11.0074,Möhrendorf-Kleinseebach,Bayern
01281,1994-11-01,2001-05-01,284,49.5653,10.9729,Erlangen-Frauenaurach,Bayern
01297,2004-10-01,2020-11-04,156,51.2041,10.0138,Eschwege,Hessen
01300,2004-06-01,2020-11-04,351,51.254,8.1565,Eslohe,Nordrhein-Westfalen
01303,1951-01-01,2020-11-04,150,51.4041,6.9677,Essen-Bredeney,Nordrhein-Westfalen
01327,2004-08-01,2020-11-04,147,50.7119,6.7905,Weilerswist-Lommersum,Nordrhein-Westfalen
01332,2005-03-01,2020-11-04,471,48.4832,12.7241,"Falkenberg,Kr.Rottal-Inn",Bayern
01339,2002-01-01,2020-11-04,73,52.9157,10.1885,Faßberg,Niedersachsen
01341,2008-12-01,2011-09-29,0,54.6,11.1500,Fehmarnbelt,Schleswig-Holstein
01346,1952-01-01,2020-11-04,1490,47.8749,8.0038,Feldberg/Schwarzwald,Baden-Württemberg
01357,2005-03-01,2020-11-04,654,49.9807,11.8376,Fichtelberg/Oberfranken-Hüttstadl,Bayern
01358,1951-01-01,2020-11-04,1213,50.4283,12.9535,Fichtelberg,Sachsen
01411,2007-01-01,2020-11-04,745,50.5309,10.0480,Birx/Rhön,Thüringen
01420,1981-01-01,2020-11-04,100,50.0259,8.5213,Frankfurt/Main,Hessen
01421,1962-01-01,1984-09-01,125,50.1474,8.6746,Frankfurt/Main (Stadt),Hessen
01424,2008-08-01,2020-11-04,124,50.1269,8.6694,Frankfurt/Main-Westend,Hessen
01425,1948-01-01,1962-01-01,109,50.1213,8.6601,Frankfurt/Main (Feldbergstr.),Hessen
01426,1961-01-01,1985-01-01,65,52.3397,14.5080,Frankfurt/Oder,Brandenburg
01443,1951-01-01,2020-11-04,237,48.0232,7.8343,Freiburg,Baden-Württemberg
01451,2004-06-01,2020-11-04,2,53.8277,9.2493,Freiburg/Elbe,Niedersachsen
01468,1951-01-01,2020-11-04,797,48.4538,8.4090,Freudenstadt,Baden-Württemberg
01473,2006-01-01,2019-02-28,414,49.1869,11.3080,Freystadt-Michelbach,Bayern
01490,1965-01-01,1977-08-01,394,47.6454,9.4795,Friedrichshafen,Baden-Württemberg
01503,2012-10-01,2020-11-04,6,53.0643,7.9022,Friesoythe-Altenoythe,Niedersachsen
01504,2002-01-01,2020-11-04,172,51.119,9.2799,Fritzlar (Flugplatz),Hessen
01515,2002-11-04,2003-08-14,519,48.2,11.2667,Fürstenfeldbruck,Bayern
01526,2004-11-01,2020-11-04,242,50.5668,9.6533,Fulda-Horas,Hessen
01544,1951-01-01,2020-11-04,47,52.5129,11.3941,Gardelegen,Sachsen-Anhalt
01550,1948-01-01,2020-11-04,719,47.483,11.0621,Garmisch-Partenkirchen,Bayern
01572,2002-01-01,2020-11-04,80,50.9593,6.0392,Geilenkirchen (Flugplatz),Nordrhein-Westfalen
01580,1946-01-01,2020-11-04,110,49.9859,7.9548,Geisenheim,Hessen
01583,1951-01-01,1971-01-01,823,50.7719,13.7732,Geisingberg,Sachsen
01584,2009-06-01,2020-11-04,672,47.9242,8.6473,Geisingen,Baden-Württemberg
01587,1991-01-01,2020-11-04,536,48.9481,11.4289,Gelbelsee,Bayern
01590,2003-07-01,2020-11-04,37,51.4942,6.2463,Geldern-Walbeck,Nordrhein-Westfalen
01602,2004-07-01,2020-11-04,177,48.433,7.9930,Ohlsbach,Baden-Württemberg
01605,1982-01-01,2020-11-04,35,52.3875,12.1601,Genthin,Sachsen-Anhalt
01612,1973-01-01,2020-11-04,311,50.8813,12.1289,Gera-Leumnitz,Thüringen
01639,1950-01-01,2020-11-04,203,50.6017,8.6439,Gießen/Wettenberg,Hessen
01645,2004-05-01,2020-11-04,340,50.9656,9.0500,Gilserberg-Moischeid,Hessen
01666,2002-01-01,2020-11-04,12,54.8273,9.5058,Glücksburg-Meierwik,Schleswig-Holstein
01684,1951-01-01,2020-11-04,238,51.1622,14.9506,Görlitz,Sachsen
01691,1948-01-01,2020-11-04,167,51.5002,9.9507,Göttingen,Niedersachsen
01694,1981-01-01,2020-11-04,58,53.606,12.1033,Goldberg,Mecklenburg-Vorpommern
01721,2006-10-01,2020-11-04,506,49.664,11.2239,Gräfenberg-Kasberg,Bayern
01735,2005-03-01,2020-11-04,628,48.7894,13.6290,Grainet-Rehberg,Bayern
01736,2002-01-24,2020-11-04,27,53.5731,10.6797,Grambek,Schleswig-Holstein
01757,1978-01-01,2020-11-04,2,54.0967,13.4056,Greifswald,Mecklenburg-Vorpommern
01758,1951-01-01,1978-01-01,2,54.1,13.4500,Greifswald-Wieck,Mecklenburg-Vorpommern
01759,2000-10-25,2020-11-04,12,54.2437,13.9102,Greifswalder Oie,Mecklenburg-Vorpommern
01766,1989-10-01,2020-11-04,48,52.1344,7.6969,Münster/Osnabrück,Nordrhein-Westfalen
01792,2020-08-14,2020-11-04,27,52.7553,7.4815,Groß Berßen,Niedersachsen
01803,1991-01-01,2020-11-04,34,54.0714,12.3238,Groß Lüsewitz,Mecklenburg-Vorpommern
01832,1982-11-01,2020-11-04,1436,49.1129,13.1338,Großer Arber,Bayern
01833,1948-01-01,1982-11-01,1307,49.0851,13.2801,Grosser Falkenstein,Bayern
01834,1951-01-01,1978-07-01,913,50.8519,10.4665,Grosser Inselsberg,Thüringen
01863,2007-12-01,2020-11-04,258,50.2667,9.1854,Gründau-Breitenborn,Hessen
01869,1981-01-01,2020-11-04,56,53.3153,13.9338,Grünow,Brandenburg
01886,2016-09-01,2020-11-04,444,48.4878,10.2607,Günzburg,Bayern
01892,2002-01-01,2013-10-28,72,51.9298,8.3005,Gütersloh (Flugplatz),Nordrhein-Westfalen
01902,1984-11-01,1987-10-01,413,49.1273,10.7448,Gunzenhausen (Altmühlsee),Bayern
01957,1953-01-01,2015-03-23,93,51.5138,11.9499,Halle-Kröllwitz,Sachsen-Anhalt
01960,1960-01-01,1971-01-01,102,51.4831,11.9671,Halle (Stadt),Sachsen-Anhalt
01964,2005-05-01,2020-11-04,328,49.9445,6.3821,Olsdorf,Rheinland-Pfalz
01975,1949-01-01,2020-11-04,14,53.6332,9.9881,Hamburg-Fuhlsbüttel,Hamburg
01981,2005-03-01,2020-11-04,3,53.4777,9.8957,Hamburg-Neuwiedenthal,Hamburg
02014,1949-01-01,2020-11-04,59,52.4644,9.6779,Hannover,Niedersachsen
02023,2002-01-01,2020-11-04,501,48.7918,10.7062,Harburg,Bayern
02039,2006-11-01,2020-11-04,201,51.9002,10.5699,"Harzburg, Bad",Niedersachsen
02044,1981-01-01,2020-11-04,404,51.652,11.1367,Harzgerode,Sachsen-Anhalt
02074,2004-06-01,2020-11-04,518,48.3752,8.9800,Hechingen,Baden-Württemberg
02080,2004-07-01,2012-09-12,110,49.4206,8.6676,Heidelberg,Baden-Württemberg
02081,1948-01-01,1955-01-01,561,49.3981,8.7251,Königstuhl,Baden-Württemberg
02088,2004-06-01,2005-05-12,498,48.6765,10.1307,Heidenheim/Brenz,Baden-Württemberg
02110,2003-01-01,2020-11-04,57,51.0411,6.1042,Heinsberg-Schleiden,Nordrhein-Westfalen
02115,1952-05-01,2020-11-04,4,54.175,7.8920,Helgoland,Schleswig-Holstein
02158,1996-10-01,2009-01-01,350,48.8042,8.4430,"Herrenalb, Bad",Baden-Württemberg
02166,1982-01-01,1991-05-02,344,51.0167,14.7500,Herrnhut,Sachsen
02167,2005-03-01,2012-04-02,302,49.7672,7.3356,Niederwörresbach,Rheinland-Pfalz
02171,1951-01-01,2020-11-04,272,50.852,9.7377,"Hersfeld, Bad",Hessen
02174,2010-11-01,2020-11-04,238,51.6255,10.3695,Herzberg,Niedersachsen
02201,2005-08-01,2020-11-04,1,54.575,13.1044,Hiddensee-Vitte,Mecklenburg-Vorpommern
02211,2004-10-01,2020-11-04,295,50.7371,7.6528,Hilgenroth,Rheinland-Pfalz
02244,1971-01-01,2005-09-01,1008,47.7327,8.1627,Höchenschwand,Baden-Württemberg
02252,2005-07-01,2020-11-04,270,50.899,14.7457,Bertsdorf-Hörnitz,Sachsen
02261,1948-01-01,2020-11-04,565,50.3123,11.8760,Hof,Bayern
02290,1947-01-01,2020-11-04,977,47.8009,11.0108,Hohenpeißenberg,Bayern
02303,2002-01-01,2020-11-04,10,54.3146,9.5390,Hohn,Schleswig-Holstein
02306,2005-08-01,2020-11-04,8,54.3194,10.6732,Hohwacht,Schleswig-Holstein
02315,2002-11-01,2020-11-04,81,51.7657,13.1666,Holzdorf (Flugplatz),Sachsen-Anhalt
02319,2005-06-01,2020-11-04,685,47.8823,11.6961,Holzkirchen,Bayern
02323,2006-07-01,2020-11-04,110,51.8529,9.4953,"Bevern, Kr. Holzminden",Niedersachsen
02338,2002-01-01,2005-12-23,39,52.3333,7.5500,Hopsten (Flugplatz),Nordrhein-Westfalen
02362,2004-08-01,2020-11-04,328,50.5651,7.4843,Hümmerich,Rheinland-Pfalz
02374,1949-01-01,1974-07-01,3,54.4752,9.0564,Husum,Schleswig-Holstein
02385,2002-01-01,2020-11-04,376,49.6927,7.3264,Idar-Oberstein,Rheinland-Pfalz
02410,1961-01-02,2020-11-04,364,48.7112,11.5362,Ingolstadt (Flugplatz),Bayern
02423,2004-03-01,2005-07-02,712,47.6894,10.0416,Isny,Baden-Württemberg
02429,2002-01-01,2020-11-04,21,53.9897,9.5696,Itzehoe,Schleswig-Holstein
02437,2002-01-01,2020-11-04,21,54.457,9.5203,Schleswig-Jagel,Schleswig-Holstein
02444,1991-08-01,2020-11-04,155,50.9251,11.5830,Jena (Sternwarte),Thüringen
02456,2001-10-17,2005-08-26,7,53.5322,7.8806,Jever,Niedersachsen
02477,1971-01-01,1976-01-01,728,47.5938,7.9597,Jungholz (Kühmoos),Baden-Württemberg
02480,2004-09-01,2020-11-04,108,50.0643,8.9930,Kahl/Main,Bayern
02483,1951-01-01,2020-11-04,839,51.1803,8.4891,Kahler Asten,Nordrhein-Westfalen
02485,2011-05-02,2020-11-04,489,48.917,9.6871,Kaisersbach-Cronhütte,Baden-Württemberg
02486,2005-03-01,2020-11-04,271,49.4262,7.7557,Kaiserslautern,Rheinland-Pfalz
02488,1982-01-01,2002-10-01,516,48.7701,10.7876,Kaisheim-Neuhof,Bayern
02494,2002-01-01,2013-10-20,31,51.7329,6.2688,Kalkar,Nordrhein-Westfalen
02497,2004-08-01,2020-11-04,505,50.5014,6.5264,Kall-Sistig,Nordrhein-Westfalen
02503,1951-01-01,2003-05-05,487,50.6266,10.1455,Kaltennordheim,Thüringen
02521,1982-01-01,1994-04-01,374,48.6765,11.2961,Karlshuld,Bayern
02522,1948-01-01,2008-10-31,112,49.0382,8.3641,Karlsruhe,Baden-Württemberg
02532,1948-01-01,2013-10-31,231,51.2963,9.4424,Kassel,Hessen
02542,1975-06-01,2016-04-02,716,47.8652,10.6007,Kaufbeuren,Bayern
02559,1955-01-01,2020-11-04,705,47.7233,10.3348,Kempten,Bayern
02564,2002-01-01,2020-11-04,28,54.3776,10.1424,Kiel-Holtenau,Schleswig-Holstein
02565,1949-01-01,1988-10-15,17,54.3378,10.0929,Kiel-Kronshagen,Schleswig-Holstein
02575,2007-05-23,2020-11-04,426,49.1804,9.9800,Kirchberg/Jagst-Herboldshausen,Baden-Württemberg
02578,2004-07-01,2020-11-04,12,53.9995,11.4341,Kirchdorf/Poel,Mecklenburg-Vorpommern
02597,1948-01-01,2020-11-04,282,50.224,10.0792,"Kissingen, Bad",Bayern
02600,2005-03-01,2020-11-04,193,49.7363,10.1781,Kitzingen,Bayern
02601,1948-01-01,2020-11-04,826,50.2218,8.4469,Kleiner Feldberg/Taunus,Hessen
02618,2004-10-01,2020-11-04,732,50.8458,10.4803,Kleiner Inselsberg,Thüringen
02627,2004-07-01,2020-11-04,128,51.5554,13.8845,Klettwitz,Brandenburg
02629,2004-07-01,2020-11-04,46,51.7612,6.0954,Kleve,Nordrhein-Westfalen
02638,1965-07-01,2020-11-04,974,48.1054,8.7548,Klippeneck,Baden-Württemberg
02641,2004-09-01,2020-11-04,85,51.5185,12.9065,Klitzschen bei Torgau,Sachsen
02656,1955-01-01,1990-01-01,96,50.3519,7.5906,Koblenz,Rheinland-Pfalz
02667,1960-01-01,2020-11-04,92,50.8646,7.1575,Köln-Bonn,Nordrhein-Westfalen
02680,2005-06-01,2020-11-04,289,50.284,10.4456,"Königshofen, Bad",Bayern
02691,1994-04-01,1994-11-01,378,48.6707,11.2173,Königsmoos-Untermaxfeld,Bayern
02693,1951-01-01,1966-01-01,380,50.1855,8.4698,Königstein/Taunus,Hessen
02700,2004-12-01,2020-11-04,416,48.8302,11.4872,Kösching,Bayern
02704,2004-05-01,2020-11-04,76,51.7511,12.0094,Köthen (Anhalt),Sachsen-Anhalt
02708,2006-07-01,2020-11-04,742,47.6652,11.0805,"Kohlgrub, Bad (Rosshof)",Bayern
02712,1971-01-01,2020-11-04,428,47.6952,9.1307,Konstanz,Baden-Württemberg
02738,1998-01-01,1998-02-01,800,47.645,11.7442,Kreuth,Bayern
02750,2005-11-01,2020-11-04,312,50.2523,11.3209,Kronach,Bayern
02761,1975-06-01,1978-06-01,520,48.251,10.4163,Krumbach-Edenhausen,Bayern
02773,2002-01-01,2020-11-04,417,49.4283,11.9016,Kümmersbruck,Bayern
02794,1989-01-01,2020-11-04,40,52.9363,12.4093,Kyritz,Brandenburg
02796,2002-01-01,2020-11-04,40,53.9156,12.2790,Laage (Flugplatz),Mecklenburg-Vorpommern
02812,1995-01-01,2020-11-04,156,48.3647,7.8280,Lahr,Baden-Württemberg
02814,1975-06-01,2020-11-04,685,48.5121,9.7645,Merklingen,Baden-Württemberg
02829,1966-01-01,2018-07-10,621,48.0772,10.9144,Landsberg (Flugplatz),Bayern
02843,1990-07-19,2015-12-31,125,50.0075,8.6547,Langen (BZ),Hessen
02856,2004-07-01,2020-11-04,91,51.9173,13.0878,Langenlipsdorf,Brandenburg
02878,2017-08-01,2020-11-04,117,51.3909,11.8786,"Lauchstädt, Bad",Sachsen-Anhalt
02886,2002-01-01,2020-11-04,539,48.2176,9.9097,Laupheim,Baden-Württemberg
02905,2002-01-01,2020-11-04,550,48.1849,10.8507,Lechfeld,Bayern
02907,1991-01-01,2020-11-04,7,54.7903,8.9514,Leck,Schleswig-Holstein
02920,1982-01-01,1984-11-01,365,48.7654,12.5121,Leiblfing,Bayern
02925,1956-01-01,2020-11-04,356,51.3933,10.3123,Leinefelde,Thüringen
02928,1951-01-01,2020-11-04,138,51.3151,12.4462,Leipzig-Holzhausen,Sachsen
02932,1972-05-01,2020-11-04,131,51.4348,12.2396,Leipzig/Halle,Sachsen
02947,2006-10-01,2020-11-04,286,51.1333,8.0348,Lennestadt-Theten,Nordrhein-Westfalen
02951,2004-06-01,2020-11-04,20,53.1007,11.4864,Lenzen/Elbe,Brandenburg
02953,2007-04-01,2020-11-04,852,47.8597,8.2308,Lenzkirch-Ruhbühl,Baden-Württemberg
02961,2002-01-01,2020-11-04,31,54.4996,10.2737,Leuchtturm Kiel,Schleswig-Holstein
02968,2008-12-01,2020-11-04,43,50.9894,6.9777,Köln-Stammheim,Nordrhein-Westfalen
02985,1991-03-05,2020-11-04,321,50.9383,14.2093,Lichtenhain-Mittelndorf,Sachsen
03015,1951-01-01,2020-11-04,98,52.2085,14.1180,Lindenberg,Brandenburg
03023,1951-01-01,2020-06-05,22,52.5181,7.3081,Lingen,Niedersachsen
03028,1971-04-01,2020-11-04,157,51.7854,8.8388,"Lippspringe, Bad",Nordrhein-Westfalen
03031,2004-07-01,2020-11-04,92,51.6336,8.3945,Lippstadt-Bökenförde,Nordrhein-Westfalen
03032,1949-01-01,2020-11-04,25,55.011,8.4125,List auf Sylt,Schleswig-Holstein
03034,2007-01-01,2020-11-04,496,50.4505,11.6350,"Lobenstein, Bad",Thüringen
03042,2008-06-01,2020-11-04,230,50.5617,8.2386,Löhnberg-Obershausen,Hessen
03044,2007-07-01,2018-06-01,22,52.7198,7.7472,Löningen,Niedersachsen
03083,2005-01-01,2020-11-04,57,51.9267,13.8797,Lübben-Blumenfelde,Brandenburg
03085,1951-01-01,1985-03-01,15,53.8773,10.6915,Lübeck,Schleswig-Holstein
03086,1985-03-01,2020-11-04,15,53.8025,10.6989,Lübeck-Blankensee,Schleswig-Holstein
03093,1954-12-01,2020-11-04,16,52.9724,11.1374,Lüchow,Niedersachsen
03098,1994-01-01,2020-11-04,387,51.2452,7.6425,Lüdenscheid,Nordrhein-Westfalen
03126,1955-01-01,2020-11-04,79,52.1029,11.5827,Magdeburg,Sachsen-Anhalt
03137,2008-05-01,2020-11-04,195,49.9656,8.2139,Mainz-Lerchenberg (ZDF),Rheinland-Pfalz
03139,1983-11-01,2005-01-01,509,48.2166,11.2965,Maisach-Gernlinden,Bayern
03145,1998-12-01,2008-09-01,30,54.18,10.5528,"Malente, Bad-Gremsmühlen",Schleswig-Holstein
03147,1985-01-01,2020-08-03,418,48.7725,12.2179,Mallersdorf-Pfaffenberg/Niederbayern,Bayern
03155,2004-08-01,2020-11-04,413,50.1015,6.8009,Manderscheid-Sonnenhof,Rheinland-Pfalz
03158,1989-01-01,2020-11-04,12,52.5468,14.5452,Manschnow,Brandenburg
03164,2006-07-01,2020-11-04,187,50.8492,8.7746,"Cölbe, Kr. Marburg-Biedenkopf",Hessen
03166,1982-01-01,2020-11-04,639,50.651,13.1469,Marienberg,Sachsen
03167,1962-12-01,2020-11-04,547,50.6621,7.9603,"Marienberg, Bad",Rheinland-Pfalz
03170,2002-01-01,2012-12-21,5,54.4937,11.2405,Marienleuchte,Schleswig-Holstein
03196,1981-01-01,2020-11-04,81,53.3223,11.9319,Marnitz,Mecklenburg-Vorpommern
03204,2008-07-01,2020-11-04,429,50.7335,10.8815,Martinroda,Thüringen
03226,2006-08-01,2020-11-04,107,51.7259,11.5109,Aschersleben-Mehringen,Sachsen-Anhalt
03231,1979-01-01,2020-11-04,450,50.5612,10.3771,Meiningen,Thüringen
03234,2005-02-01,2020-11-04,158,51.1294,13.4328,Garsebach bei Meißen,Sachsen
03244,1975-06-01,2020-11-04,615,47.982,10.1384,Memmingen,Bayern
03245,2002-01-02,2002-11-20,630,47.9833,10.2333,Memmingen (Flugplatz),Bayern
03246,2002-01-01,2007-06-13,181,50.3667,7.3167,Mendig,Rheinland-Pfalz
03254,2002-01-02,2020-11-04,19,52.7156,7.3176,Meppen,Niedersachsen
03257,2004-06-01,2020-11-04,250,49.4773,9.7622,"Mergentheim, Bad-Neunkirchen",Baden-Württemberg
03268,2002-11-01,2020-11-04,900,48.1694,8.9433,Meßstetten-Appental,Baden-Württemberg
03271,2004-11-01,2020-11-04,314,48.8548,12.9189,Metten,Bayern
03274,1992-10-01,1994-10-01,415,49.507,6.5215,Mettlach-Orscholz (Kurort),Saarland
03278,2009-04-01,2020-11-04,354,48.5377,9.2734,Metzingen,Baden-Württemberg
03284,2005-05-01,2020-11-04,240,49.6691,9.0085,Michelstadt,Hessen
03287,1987-10-01,2020-11-04,453,49.7176,9.0997,Michelstadt-Vielbrunn,Hessen
03289,2004-11-01,2020-11-04,356,50.7281,11.7838,Schmieritz-Weltwitz,Thüringen
03307,2008-04-01,2020-11-04,984,47.4779,11.2653,Mittenwald-Buckelwiesen,Bayern
03319,2006-09-01,2020-11-04,239,49.7644,9.2530,Röllbach,Bayern
03340,2005-05-01,2020-11-04,265,50.4383,7.8061,Montabaur,Rheinland-Pfalz
03348,2004-06-01,2020-11-04,240,51.7209,9.8352,Moringen-Lutterbeck,Niedersachsen
03362,2002-01-01,2020-11-04,244,48.9721,8.8734,Mühlacker,Baden-Württemberg
03366,1955-01-01,2020-11-04,406,48.279,12.5024,Mühldorf,Bayern
03376,1991-01-01,2020-11-04,63,52.5176,14.1232,Müncheberg,Brandenburg
03379,1997-07-01,2020-11-04,515,48.1632,11.5429,München-Stadt,Bayern
03382,1948-01-01,1954-01-01,521,48.1441,11.6000,München-Bogenhausen,Bayern
03385,1982-01-01,1999-03-31,515,48.166,11.5011,München-Nymphenburg,Bayern
03390,1949-01-01,1992-05-17,529,48.1369,11.7094,München-Riem,Bayern
03402,2002-11-01,2020-11-04,750,48.3851,9.4837,Münsingen-Apfelstetten,Baden-Württemberg
03404,1948-01-01,1989-10-01,62,51.9494,7.5906,Münster,Nordrhein-Westfalen
03426,2004-06-01,2020-11-04,127,51.566,14.7008,"Muskau, Bad",Sachsen
03442,2004-10-01,2020-11-04,149,50.3574,8.7506,"Nauheim, Bad",Hessen
03478,1976-07-01,2005-08-18,81,53.5468,13.1914,Neubrandenburg,Mecklenburg-Vorpommern
03484,2002-01-01,2020-11-04,380,48.7086,11.2147,Neuburg/Donau (Flugplatz),Bayern
03485,2005-05-01,2020-11-04,486,48.3115,10.3773,Neuburg/Kammel-Langenhaslach,Bayern
03490,2004-09-01,2020-11-04,111,50.5346,7.0853,"Neuenahr, Bad-Ahrweiler",Rheinland-Pfalz
03509,2004-10-01,2020-11-04,77,53.102,13.0421,Menz,Brandenburg
03513,1989-05-01,2020-11-04,845,50.5002,11.1344,Neuhaus am Rennweg,Thüringen
03527,2004-05-01,2020-11-04,500,50.8923,9.4050,Neukirchen-Hauptschwenda,Hessen
03540,2004-11-01,2020-11-04,195,50.8446,7.3720,Neunkirchen-Seelscheid-Krawinkel,Nordrhein-Westfalen
03545,2005-03-01,2020-11-04,236,49.344,7.2297,Neunkirchen-Wellesweiler,Saarland
03552,1973-01-01,2019-04-08,38,52.9037,12.8072,Neuruppin,Brandenburg
03571,2008-03-01,2020-11-04,452,49.8174,11.8638,Neustadt am Kulm-Filchendorf,Bayern
03575,1954-01-01,1983-01-01,163,49.357,8.1405,Neustadt/Weinstraße,Rheinland-Pfalz
03577,1951-01-01,1976-07-01,64,53.3585,13.0502,Neustrelitz,Mecklenburg-Vorpommern
03591,2004-06-01,2020-11-04,350,50.6743,6.4240,Nideggen-Schmidt,Nordrhein-Westfalen
03603,2002-01-01,2020-11-04,459,49.3895,9.9667,Niederstetten,Baden-Württemberg
03605,1975-06-01,1978-06-01,451,48.5334,10.2427,Niederstotzingen,Baden-Württemberg
03612,2007-04-01,2020-11-04,25,52.6711,9.2229,Nienburg,Niedersachsen
03621,2006-01-01,2020-11-04,435,48.8253,10.5067,Reimlingen,Bayern
03623,2002-01-01,2020-11-04,111,50.8294,6.6602,Nörvenich (Flugplatz),Nordrhein-Westfalen
03631,1949-01-01,2020-11-04,12,53.7123,7.1519,Norderney,Niedersachsen
03639,2002-01-01,2020-11-04,25,53.7647,8.6583,Nordholz (Flugplatz),Niedersachsen
03659,1951-01-01,1995-03-27,627,50.3391,6.9501,Nürburg,Rheinland-Pfalz
03660,1995-03-02,2020-11-04,485,50.3602,6.8697,Nürburg-Barweiler,Rheinland-Pfalz
03667,2005-03-01,2020-11-04,368,49.4258,11.2538,Nürnberg-Netzstall,Bayern
03668,1951-01-01,2020-11-04,314,49.503,11.0549,Nürnberg,Bayern
03671,1979-01-01,1981-04-01,280,48.6321,9.3261,Nürtingen,Baden-Württemberg
03679,2006-11-01,2020-11-04,518,47.6187,12.1665,Kiefersfelden-Gach,Bayern
03702,2003-01-01,2006-12-31,515,47.878,7.8288,Münstertal-Obermünstertal,Baden-Württemberg
03730,1948-01-01,2020-11-04,806,47.3984,10.2759,Oberstdorf,Bayern
03734,2004-07-01,2020-11-04,230,49.128,9.3525,Obersulm-Willsbach,Baden-Württemberg
03739,2005-03-01,2020-11-04,596,49.4521,12.4365,Oberviechtach,Bayern
03761,1955-01-01,2020-11-04,276,49.207,9.5176,Öhringen,Baden-Württemberg
03791,1991-01-01,2012-10-01,11,53.1763,8.1824,Oldenburg,Niedersachsen
03811,1982-07-01,2020-11-04,150,51.296,13.0928,Oschatz,Sachsen
03815,1951-01-01,2010-11-30,95,52.2553,8.0534,Osnabrück,Niedersachsen
03821,1984-08-01,2020-11-04,246,51.0873,11.9292,Osterfeld,Sachsen-Anhalt
03836,2006-03-01,2020-11-04,314,50.4538,10.2211,Ostheim v.d. Rhön,Bayern
03857,2005-01-01,2020-11-04,886,47.6362,10.3892,Oy-Mittelberg-Petersthal,Bayern
03875,2005-01-01,2020-11-04,549,49.151,11.6896,Parsberg/Oberpfalz-Eglwang,Bayern
03879,1948-01-01,1997-01-01,409,48.5779,13.4694,Passau-Oberhaus,Bayern
03897,2002-01-01,2020-11-04,2,54.0893,10.8773,Pelzerhaken,Schleswig-Holstein
03904,2004-09-01,2020-11-04,152,49.5354,6.3789,Perl-Nennig,Saarland
03925,2005-09-01,2020-11-04,332,48.9329,8.6973,Pforzheim-Ispringen,Baden-Württemberg
03927,2004-07-01,2020-11-04,630,47.9345,9.2869,Pfullendorf,Baden-Württemberg
03939,2004-10-01,2020-11-04,385,49.1912,7.5879,Pirmasens,Rheinland-Pfalz
03946,1951-01-01,2020-10-27,386,50.4819,12.1300,Plauen,Sachsen
03975,2005-03-01,2020-11-04,522,49.4777,11.5357,Pommelsbrunn-Mittelburg,Bayern
03987,1893-01-01,2020-11-04,81,52.3813,13.0622,Potsdam,Brandenburg
04018,1982-01-01,1983-09-01,550,48.1877,11.2206,Puch,Bayern
04024,1982-01-01,2020-11-04,40,54.3643,13.4771,Putbus,Mecklenburg-Vorpommern
04032,2006-12-01,2020-11-04,142,51.7953,11.1320,Quedlinburg,Sachsen-Anhalt
04036,2007-03-01,2020-11-04,204,51.3895,11.5412,Querfurt-Mühle Lodersleben,Sachsen-Anhalt
04039,1988-01-11,2020-11-04,11,53.7331,9.8776,Quickborn,Schleswig-Holstein
04063,2003-07-01,2020-11-04,41,52.4461,8.5906,Rahden-Kleinendorf,Nordrhein-Westfalen
04094,2004-06-01,2020-11-04,440,47.8062,9.6206,"Weingarten, Kr. Ravensburg",Baden-Württemberg
04104,1948-01-01,2020-11-04,365,49.0425,12.1019,Regensburg,Bayern
04127,2005-01-01,2020-11-04,347,50.9906,7.6958,Reichshof-Eckenhagen,Nordrhein-Westfalen
04154,2011-02-01,2018-06-30,345,51.18,7.2505,Remscheid-Lennep,Nordrhein-Westfalen
04160,2004-07-01,2020-11-04,478,48.7425,8.9240,Renningen-Ihinger Hof,Baden-Württemberg
04169,2002-11-01,2020-11-04,131,48.6703,7.9939,Rheinau-Memprechtshofen,Baden-Württemberg
04174,2002-01-01,2017-12-20,40,52.2887,7.3866,Rheine-Bentlage,Nordrhein-Westfalen
04175,2004-06-01,2020-11-04,282,47.559,7.7721,Rheinfelden,Baden-Württemberg
04177,2008-11-01,2020-11-04,116,48.9726,8.3301,Rheinstetten,Baden-Württemberg
04189,2004-08-01,2020-11-04,533,48.1479,9.4596,"Altheim, Kreis Biberach",Baden-Württemberg
04261,2006-03-01,2020-11-04,442,47.8753,12.1280,Rosenheim,Bayern
04271,1947-01-01,2020-11-04,4,54.1803,12.0808,Rostock-Warnemünde,Mecklenburg-Vorpommern
04275,2004-12-01,2020-11-04,32,53.1288,9.3398,Rotenburg (Wümme),Niedersachsen
04280,2002-01-01,2020-11-04,386,49.2162,11.1035,Roth,Bayern
04287,2005-01-01,2020-11-04,415,49.3848,10.1732,Rothenburg ob der Tauber,Bayern
04294,1982-01-01,1997-01-01,360,48.4704,8.9687,Rottenburg-Kiebingen,Baden-Württemberg
04300,2004-07-01,2020-11-04,588,48.1814,8.6356,Rottweil,Baden-Württemberg
04301,2005-03-01,2020-11-04,102,49.8502,7.8710,"Kreuznach, Bad",Rheinland-Pfalz
04323,2005-03-01,2020-11-04,461,49.6468,7.8837,Ruppertsecken,Rheinland-Pfalz
04336,1962-05-01,2020-11-04,320,49.2128,7.1077,Saarbrücken-Ensheim,Saarland
04339,1956-01-01,1971-01-01,193,49.2231,7.0168,Saarbrücken-Sankt Johann,Saarland
04347,2000-11-01,2003-07-08,292,51.5909,10.5691,"Sachsa, Bad",Niedersachsen
04349,2004-06-01,2020-11-04,248,48.9569,9.0710,Sachsenheim,Baden-Württemberg
04350,1971-01-01,2008-12-29,339,47.5619,7.9399,"Säckingen, Bad",Baden-Württemberg
04354,2006-01-01,2020-11-04,457,48.7832,13.3146,Saldenburg-Entschenreuth,Bayern
04371,1950-01-01,2020-11-04,135,52.1042,8.7521,"Salzuflen, Bad",Nordrhein-Westfalen
04373,1952-01-01,1972-01-01,29,52.8568,11.1319,Salzwedel,Sachsen-Anhalt
04377,2005-09-01,2020-11-04,518,50.3518,10.0034,Sandberg,Bayern
04393,1999-12-01,2020-11-04,5,54.3279,8.6031,Sankt Peter-Ording,Schleswig-Holstein
04411,2002-01-24,2020-11-04,155,49.9195,8.9671,Schaafheim-Schlierbach,Hessen
04445,1989-10-01,2020-11-04,609,51.7658,10.6533,Wernigerode-Schierke,Sachsen-Anhalt
04464,1989-08-01,2020-11-04,501,50.5679,11.8041,Schleiz,Thüringen
04466,1951-01-01,2020-11-04,43,54.5275,9.5487,Schleswig,Schleswig-Holstein
04477,2005-05-31,2010-05-01,993,47.8208,8.1860,Schluchsee,Baden-Württemberg
04480,2004-09-01,2020-11-04,230,50.3447,9.5534,Schlüchtern-Herolz,Hessen
04485,2005-02-01,2017-03-03,296,50.725,10.4539,"Schmalkalden, Kurort",Thüringen
04501,1978-07-01,2020-11-04,937,50.6546,10.7693,Schmücke,Thüringen
04508,2004-08-01,2020-11-04,649,50.2968,6.4194,Schneifelforsthaus,Rheinland-Pfalz
04517,1996-10-01,2008-12-01,635,48.7859,8.6451,"Schömberg, Kr. Calw",Baden-Württemberg
04548,2007-07-01,2020-10-29,608,50.1847,12.0791,Schönwald/Ofr.-Brunn,Bayern
04559,2005-05-01,2020-11-04,398,49.1644,12.6175,Schorndorf-Knöbling,Bayern
04560,2005-02-01,2020-11-04,265,50.4925,9.1226,Schotten,Hessen
04584,1968-04-01,1970-04-01,444,48.3667,11.8000,Schwaigermoos,Bayern
04592,2005-12-01,2020-11-04,356,49.3278,12.0871,Schwandorf,Bayern
04605,2004-11-01,2020-11-04,277,50.6441,11.1936,Schwarzburg,Thüringen
04625,1950-01-01,2020-11-04,59,53.6425,11.3872,Schwerin,Mecklenburg-Vorpommern
04629,1993-04-01,1999-12-01,37,54.5166,9.1420,Schwesing,Schleswig-Holstein
04642,1976-10-01,2020-11-04,21,52.8911,11.7297,Seehausen,Sachsen-Anhalt
04651,2004-11-01,2020-11-04,186,51.904,10.1885,Seesen,Niedersachsen
04692,2008-03-01,2018-11-30,229,50.8534,7.9966,Siegen (Kläranlage),Nordrhein-Westfalen
04702,2002-11-03,2007-11-15,645,48.1,9.2500,Sigmaringen (Flugplatz),Baden-Württemberg
04703,2002-11-01,2020-11-04,581,48.0719,9.1943,Sigmaringen-Laiz,Baden-Württemberg
04704,2005-05-01,2020-11-04,507,47.5776,9.7404,Sigmarszell-Zeisertsweiler,Bayern
04706,2005-03-01,2020-11-04,358,48.2718,13.0273,Simbach/Inn,Bayern
04709,2011-11-01,2020-11-04,445,49.9996,7.5981,Simmern-Wahlbach,Rheinland-Pfalz
04719,2002-01-01,2007-08-28,169,49.2447,8.8787,Sinsheim,Baden-Württemberg
04745,1966-01-01,2020-11-04,75,52.9604,9.7930,Soltau,Niedersachsen
04748,2004-11-01,2010-12-31,221,51.352,10.9059,Sondershausen,Thüringen
04752,1951-01-01,2008-07-01,626,50.3746,11.1828,Sonneberg-Neufang,Thüringen
04763,2004-10-01,2020-11-04,265,51.0607,9.9266,Sontra,Hessen
04813,2020-08-01,2020-11-04,318,50.0806,11.0466,"Staffelstein, Bad-Stublang",Bayern
04841,2004-07-01,2020-11-04,1,53.6946,8.8735,"Steinau, Kr. Cuxhaven",Niedersachsen
04857,2004-09-01,2020-11-04,1,53.5534,9.6097,Mittelnkirchen-Hohenfelde,Niedersachsen
04878,2005-02-01,2020-11-04,504,51.6646,10.8811,Oberharz am Brocken-Stiege,Sachsen-Anhalt
04887,1948-01-01,2020-11-04,734,48.6656,9.8648,Stötten,Baden-Württemberg
04896,2005-07-01,2020-11-04,40,54.6654,9.8050,Wagersrott,Schleswig-Holstein
04911,1994-05-01,2020-11-04,351,48.8275,12.5597,Straubing,Bayern
04926,1979-04-01,2013-05-14,224,48.7896,9.2167,Stuttgart (Neckartal),Baden-Württemberg
04927,1976-01-01,1984-08-01,286,48.7693,9.1814,Stuttgart-Stadt,Baden-Württemberg
04928,1977-07-01,2020-11-04,314,48.8281,9.2000,Stuttgart (Schnarrenberg),Baden-Württemberg
04931,1988-01-01,2020-11-04,371,48.6883,9.2235,Stuttgart-Echterdingen,Baden-Württemberg
04933,1951-01-01,1976-01-01,401,48.7091,9.2147,Stuttgart-Hohenheim,Baden-Württemberg
04978,2002-11-01,2020-11-04,395,50.639,10.0228,Tann/Rhön,Hessen
04997,2005-03-01,2020-11-04,196,50.9771,12.3419,Starkenberg-Tegkwitz,Thüringen
05009,1973-01-01,2020-11-04,38,53.761,12.5574,Teterow,Mecklenburg-Vorpommern
05014,2004-07-01,2020-11-04,7,53.2758,8.9857,Worpswede-Hüttenbusch,Niedersachsen
05017,2005-11-01,2020-11-04,633,50.4002,11.3889,Teuschnitz,Bayern
05029,1969-01-01,2020-11-04,386,49.4737,7.0385,Tholey,Saarland
05046,2008-03-01,2020-11-04,501,49.8576,12.3542,Tirschenreuth-Lodermühl,Bayern
05049,1998-11-06,2008-05-01,846,47.8991,8.1460,Titisee-Neustadt-Titisee,Baden-Württemberg
05064,2004-12-01,2020-11-04,37,51.2897,6.4437,Tönisvorst,Nordrhein-Westfalen
05068,1953-01-01,1971-01-01,80,51.5833,13.0000,Torgau,Sachsen
05097,2005-01-01,2020-11-04,10,54.0661,12.7675,Tribsees,Mecklenburg-Vorpommern
05099,2008-06-01,2020-11-04,132,49.7326,6.6131,Trier-Zewen,Rheinland-Pfalz
05100,1941-01-01,2020-11-04,265,49.7479,6.6583,Trier-Petrisberg,Rheinland-Pfalz
05109,2002-01-01,2020-11-04,69,53.5997,13.3039,Trollenhagen,Mecklenburg-Vorpommern
05111,2006-04-01,2020-11-04,560,48.0311,12.5396,Trostberg,Bayern
05133,2004-09-01,2020-11-04,295,51.3344,8.9132,Twistetal-Mühlhausen,Hessen
05142,1951-01-01,2020-11-04,1,53.7444,14.0697,Ueckermünde,Mecklenburg-Vorpommern
05146,2004-06-01,2020-11-04,50,52.9414,10.5289,Uelzen,Niedersachsen
05149,2005-01-01,2020-11-04,306,49.5741,10.1915,Gollhofen,Bayern
05155,1948-01-01,2014-09-01,567,48.3837,9.9524,Ulm,Baden-Württemberg
05158,1989-01-01,2020-11-04,162,52.1601,11.1759,Ummendorf,Sachsen-Anhalt
05229,2004-08-01,2020-11-04,719,48.0453,8.4608,Villingen-Schwenningen,Baden-Württemberg
05275,2004-06-01,2020-11-04,105,49.2445,8.5374,Waghäusel-Kirrlach,Baden-Württemberg
05277,2002-01-01,2009-06-30,349,50.8119,9.1280,Wahlen,Hessen
05279,2004-09-01,2020-11-04,176,51.6194,9.5749,Wesertal-Lippoldsberg,Hessen
05280,2007-03-01,2020-11-04,35,53.9224,10.2267,Wittenborn,Schleswig-Holstein
05282,1941-01-01,1971-01-01,246,51.1197,13.6744,Wahnsdorf bei Dresden,Sachsen
05300,2004-07-01,2020-11-04,380,50.2596,8.3607,Waldems-Reinborn,Hessen
05335,2006-08-01,2020-11-04,348,50.8963,10.5484,Waltershausen,Thüringen
05347,2001-04-02,2020-11-04,236,51.5039,9.1118,Warburg,Nordrhein-Westfalen
05349,1981-01-01,2020-11-04,73,53.5196,12.6654,Waren (Müritz),Mecklenburg-Vorpommern
05371,1948-01-01,2020-11-04,921,50.4973,9.9427,Wasserkuppe,Hessen
05397,1951-01-01,2020-11-04,440,49.6663,12.1845,Weiden,Bayern
05404,1975-01-01,2020-11-04,477,48.4024,11.6946,Weihenstephan-Dürnast,Bayern
05419,1951-01-01,2007-06-30,264,50.9751,11.3076,Weimar,Thüringen
05424,2007-06-01,2020-11-04,328,51.0177,11.3544,Weimar-Schöndorf,Thüringen
05426,1954-01-01,2020-11-04,553,49.3758,8.1213,Weinbiet,Rheinland-Pfalz
05431,1973-01-01,1976-10-01,24,53.0333,11.8000,Weisen bei Wittenberge,Sachsen-Anhalt
05433,2004-09-01,2020-11-04,380,49.5534,6.8120,Weiskirchen/Saar,Saarland
05440,1955-01-01,2020-11-04,439,49.0115,10.9308,Weißenburg-Emetzheim,Bayern
05467,1956-07-01,2012-09-21,1832,47.7035,12.0119,Wendelstein,Bayern
05480,2003-09-10,2020-11-04,85,51.5763,7.8879,Werl,Nordrhein-Westfalen
05490,1951-01-01,2020-11-04,233,51.8454,10.7686,Wernigerode,Sachsen-Anhalt
05516,1996-05-31,2020-11-04,3,54.5283,11.0606,Fehmarn,Schleswig-Holstein
05538,2005-01-01,2020-11-04,551,47.8827,11.1576,Wielenbach (Demollstr.),Bayern
05541,2004-08-01,2020-11-04,263,50.132,8.3170,Wiesbaden-Auringen,Hessen
05546,1986-07-01,2020-11-04,187,52.1207,12.4585,Wiesenburg,Brandenburg
05562,2004-06-01,2020-11-04,570,48.6516,8.6801,Neubulach-Oberhaugstett,Baden-Württemberg
05629,1951-01-01,2020-11-04,105,51.8892,12.6445,Wittenberg,Sachsen-Anhalt
05640,2002-01-01,2020-11-04,8,53.5504,7.6672,Wittmundhafen,Niedersachsen
05643,2004-11-01,2020-11-04,66,53.1864,12.4949,Wittstock-Rote Mühle,Brandenburg
05663,1982-01-01,1996-01-01,118,53.4618,13.6099,Woldegk,Mecklenburg-Vorpommern
05664,2004-07-01,2020-11-04,296,48.2953,8.2391,Wolfach,Baden-Württemberg
05665,1990-01-01,2010-05-01,677,47.818,9.7970,Wolfegg,Baden-Württemberg
05676,2010-09-01,2020-11-04,82,52.3962,10.6892,Wolfsburg (Südwest),Niedersachsen
05688,2018-11-01,2020-11-04,880,47.7003,8.1057,Dachsberg-Wolpadingen,Baden-Württemberg
05692,2004-09-01,2020-11-04,88,49.6051,8.3659,Worms,Rheinland-Pfalz
05705,1948-01-01,2020-11-04,268,49.7704,9.9576,Würzburg,Bayern
05715,2002-01-01,2020-11-04,57,52.4605,9.4311,Wunstorf,Niedersachsen
05717,2006-09-01,2020-11-04,134,51.2256,7.1052,Wuppertal-Buchenhofen,Nordrhein-Westfalen
05719,2004-10-01,2009-12-10,235,51.2051,7.2000,Remscheid,Nordrhein-Westfalen
05731,2004-08-01,2020-11-04,398,47.6783,8.3801,Wutöschingen-Ofteringen,Baden-Württemberg
05732,1951-01-01,1971-01-01,8,54.6928,8.5271,Wrixum/Föhr,Schleswig-Holstein
05745,1981-01-01,2020-11-04,51,52.9664,13.3268,Zehdenick,Brandenburg
05750,2006-03-01,2020-11-04,264,51.0314,12.1495,Zeitz,Sachsen-Anhalt
05779,1971-01-01,2020-11-04,877,50.7314,13.7516,Zinnwald-Georgenfeld,Sachsen
05792,1950-01-01,2020-11-04,2965,47.421,10.9848,Zugspitze,Bayern
05797,2005-12-01,2020-11-04,349,50.6879,12.4329,Lichtentanne,Sachsen
05800,2002-01-01,2020-11-04,615,49.028,13.2385,Zwiesel,Bayern
05802,1948-01-01,2003-10-01,615,49.0007,13.2137,Zwieselberg,Bayern
05822,2004-07-01,2020-11-04,40,52.863,8.6988,Bassum,Niedersachsen
05825,2004-05-01,2020-11-04,40,52.6198,12.7867,Berge,Brandenburg
05832,1951-01-01,1954-12-01,50,53.1007,11.0455,Dannenberg,Niedersachsen
05839,1997-07-01,2020-11-04,0,53.3881,7.2287,Emden,Niedersachsen
05856,1997-01-03,2020-11-04,476,48.5451,13.3532,Fürstenzell,Bayern
05871,1997-07-01,2020-11-04,497,49.9462,7.2645,Hahn,Rheinland-Pfalz
05906,1948-01-01,2020-11-04,98,49.5062,8.5585,Mannheim,Baden-Württemberg
05930,1991-01-01,2020-11-04,1,54.641,10.0238,Schönhagen (Ostseebad),Schleswig-Holstein
05941,2007-03-01,2020-11-04,686,47.6754,12.4698,Reit im Winkl,Bayern
06093,2004-05-01,2020-11-04,62,53.2139,10.4704,Wendisch Evern,Niedersachsen
06105,2004-05-01,2020-11-04,14,54.3194,9.8051,Ostenfeld (Rendsburg),Schleswig-Holstein
06109,2004-09-01,2020-11-04,50,53.3837,14.3728,Grambow-Schwennenz,Mecklenburg-Vorpommern
06129,2004-11-01,2020-11-04,290,51.0593,14.4266,Sohland/Spree,Sachsen
06157,2007-10-01,2020-11-04,8,53.641,8.0808,Wangerland-Hooksiel,Niedersachsen
06158,2004-11-01,2020-11-04,455,49.2247,10.6084,Weidenbach-Weiherschneidbach,Bayern
06159,2008-12-01,2020-11-04,8,52.9542,7.3196,Dörpen,Niedersachsen
06163,2001-04-01,2020-11-04,27,54.1654,10.3519,Dörnick,Schleswig-Holstein
06170,2004-06-01,2020-11-04,40,52.0192,14.7254,Coschen,Brandenburg
06182,2000-04-01,2012-03-27,404,48.7757,12.1743,Mallersdorf-Pfaffenberg,Bayern
06184,2002-01-01,2009-06-15,6,53.5333,8.1667,Wilhelmshaven (Flugplatz),Niedersachsen
06186,2004-08-01,2019-05-27,268,50.1989,7.8651,Nastätten,Rheinland-Pfalz
06192,1999-08-01,2008-11-01,115,49.8083,7.8458,"Münster am Stein, Bad",Rheinland-Pfalz
06197,2002-01-01,2020-11-04,258,51.8664,9.2710,Lügde-Paenbruch,Nordrhein-Westfalen
06199,2004-10-01,2020-11-04,16,54.2484,13.0418,Steinhagen-Negast,Mecklenburg-Vorpommern
06217,2004-10-01,2020-11-04,190,49.2406,6.9351,Saarbrücken-Burbach,Saarland
06242,2002-01-07,2020-11-04,64,50.4088,7.4890,Mülheim-Kärlich,Rheinland-Pfalz
06243,2002-01-01,2020-11-04,96,49.2506,8.4422,Philippsburg KKW,Baden-Württemberg
06244,2002-01-01,2020-11-04,145,49.365,9.0804,Obrigheim,Baden-Württemberg
06245,2002-01-01,2020-11-04,180,49.0423,9.1733,Neckarwestheim KKW,Baden-Württemberg
06246,2002-01-03,2020-11-04,368,47.6213,8.2167,Waldshut KKW,Baden-Württemberg
06247,2002-01-01,2020-11-04,307,47.6078,8.1813,Dogern (Leibstadt),Baden-Württemberg
06254,2002-01-01,2007-07-02,19,53.5408,9.9528,Hamburg-Lotsenhöft,Hamburg
06255,2002-01-07,2018-12-31,351,49.4667,6.3968,Perl/Saar,Saarland
06256,2002-01-01,2020-11-04,201,47.91,7.5838,Bremgarten (Fessenheim),Baden-Württemberg
06258,2003-01-01,2020-11-04,461,47.6845,9.4409,Friedrichshafen-Unterraderach,Baden-Württemberg
06259,2004-06-01,2020-11-04,524,49.021,9.6033,Großerlach-Mannenweiler,Baden-Württemberg
06260,2002-12-01,2020-11-04,385,49.3328,9.7040,Ingelfingen-Stachenhausen,Baden-Württemberg
06262,2002-11-01,2020-11-04,413,48.7695,9.8737,Schwäbisch Gmünd-Weiler,Baden-Württemberg
06263,2004-07-01,2020-11-04,445,47.7738,8.8219,Singen,Baden-Württemberg
06264,2004-06-01,2020-11-04,457,51.414,8.6500,Brilon-Thülen,Nordrhein-Westfalen
06265,2004-05-01,2020-11-04,36,52.3613,12.3867,Wusterwitz,Brandenburg
06266,2004-09-01,2020-11-04,112,52.0304,10.9626,Huy-Pabstorf,Sachsen-Anhalt
06272,2004-10-01,2020-11-04,283,50.8426,10.2518,Moorgrund Gräfen-Nitzendorf,Thüringen
06273,2004-06-01,2020-11-04,36,52.5075,11.8551,Demker,Sachsen-Anhalt
06275,2004-07-01,2020-11-04,325,48.6705,9.4627,Notzingen,Baden-Württemberg
06305,2004-12-01,2020-11-04,193,51.2061,10.4978,Mühlhausen/Thüringen-Görmar,Thüringen
06310,2004-08-01,2020-11-04,1,54.1049,13.8239,Karlshagen,Mecklenburg-Vorpommern
06312,2004-11-01,2020-09-30,362,49.5314,10.6418,Markt Erlbach-Mosbach,Bayern
06314,2005-08-01,2020-11-04,308,51.0507,13.3003,Nossen,Sachsen
06336,2005-11-01,2020-11-04,288,50.0132,9.6540,Lohr/Main-Halsbach,Bayern
06337,2004-08-01,2020-11-04,59,51.7663,7.5194,Lüdinghausen-Brochtrup,Nordrhein-Westfalen
06344,2004-12-01,2020-11-04,168,50.394,8.1423,Runkel-Ennerich,Hessen
06346,2005-02-01,2020-11-04,531,48.207,11.2035,Maisach-Galgen,Bayern
06347,2005-03-01,2020-11-04,304,50.0579,10.2972,Schonungen-Mainberg,Bayern
07075,2005-02-01,2020-11-04,429,48.702,11.8493,Elsendorf-Horneck,Bayern
07099,2004-11-01,2020-11-04,187,52.0111,10.3966,Liebenburg-Othfresen,Niedersachsen
07105,2005-06-01,2020-11-04,719,47.835,12.6548,Siegsdorf-Höll,Bayern
07106,2006-09-01,2020-11-04,105,52.0714,8.4565,Bielefeld-Deppendorf,Nordrhein-Westfalen
07135,1975-06-01,1996-07-01,565,47.9655,9.6804,Aulendorf-Haslach,Baden-Württemberg
07187,2004-12-01,2020-11-04,193,49.7636,9.4063,Freudenberg/Main-Boxtal,Baden-Württemberg
07244,1981-01-01,2004-09-30,62,53.1424,13.0319,Neuglobsow (HM),Brandenburg
07298,2005-07-01,2020-11-04,5,54.5268,9.0425,Hattstedt,Schleswig-Holstein
07319,2005-03-01,2020-11-04,435,48.7374,10.7393,Donauwörth-Osterweiler,Bayern
07321,2005-09-01,2020-11-04,160,51.1507,11.3321,Olbersleben,Thüringen
07325,2011-09-01,2015-12-31,2650,47.4167,10.9794,Schneefernerhaus,Bayern
07329,2005-11-01,2020-11-04,465,50.5467,12.2863,Treuen,Sachsen
07330,2005-10-01,2020-11-04,159,51.4633,7.9780,Arnsberg-Neheim,Nordrhein-Westfalen
07331,2005-09-01,2020-11-04,468,48.6099,10.2674,Hermaringen-Allewind,Baden-Württemberg
07341,2005-07-16,2020-11-04,119,50.09,8.7862,Offenbach-Wetterpark,Hessen
07343,2006-04-01,2020-11-04,688,50.6199,13.4816,Deutschneudorf-Brüderwiese,Sachsen
07350,2006-08-01,2020-11-04,585,49.1088,12.8231,Prackenbach-Neuhäusl,Bayern
07351,2005-09-08,2020-11-04,116,53.3175,13.4175,Feldberg/Mecklenburg,Mecklenburg-Vorpommern
07364,2007-01-01,2020-11-04,74,51.682,12.3042,Jeßnitz,Sachsen-Anhalt
07367,2007-12-01,2020-11-04,144,51.9643,9.8072,Alfeld,Niedersachsen
07368,2007-11-01,2020-11-04,312,51.0007,10.3621,Eisenach,Thüringen
07369,2007-11-01,2020-11-04,475,49.1623,10.3661,Feuchtwangen-Heilbronn,Bayern
07370,2006-12-11,2020-11-04,499,49.391,12.6838,Waldmünchen,Bayern
07373,2006-03-01,2020-11-04,3,53.5984,6.7024,Borkum-Flugplatz,Niedersachsen
07374,2006-03-01,2020-11-04,46,52.0813,6.9409,Ahaus,Nordrhein-Westfalen
07389,2006-12-01,2020-11-04,82,52.7461,13.8427,Heckelberg,Brandenburg
07393,2010-01-01,2020-11-04,116,51.4493,14.2533,Hoyerswerda,Sachsen
07394,2006-06-01,2020-11-04,622,50.0315,11.9745,Wunsiedel-Schönbrunn,Bayern
07395,2007-12-01,2020-11-04,351,48.6595,12.5388,Gottfrieding,Bayern
07396,2008-05-01,2020-11-04,743,50.5084,9.2247,Hoherodskopf/Vogelsberg,Hessen
07403,2007-03-30,2020-11-04,672,47.7955,10.0324,Leutkirch-Herlazhofen,Baden-Württemberg
07410,2011-02-01,2020-11-04,350,50.7513,9.0224,Neu-Ulrichstein,Hessen
07412,2006-10-01,2020-11-04,340,50.0083,9.4238,Neuhütten/Spessart,Bayern
07419,2006-12-01,2020-11-04,389,50.661,12.0756,Langenwetzendorf-Göttendorf,Thüringen
07420,2007-04-01,2020-11-04,246,51.1044,11.7112,Naumburg/Saale-Kreipitzsch,Sachsen-Anhalt
07424,2006-12-01,2020-11-04,457,47.7724,12.9073,Piding,Bayern
07427,2007-09-01,2020-11-04,17,54.0188,9.9255,Padenstedt (Pony-Park),Schleswig-Holstein
07428,2007-05-01,2020-11-04,397,50.4167,10.8156,Veilsdorf,Thüringen
07431,2007-11-01,2020-11-04,604,48.013,11.5524,Oberhaching-Laufzorn,Bayern
07432,2007-05-01,2020-11-04,72,52.6423,10.6627,Wittingen-Vorhop,Niedersachsen
13667,2006-11-23,2008-07-06,274,48.0006,7.8450,Freiburg-Mitte,Baden-Württemberg
13670,2007-06-01,2020-11-04,24,51.5088,6.7018,Duisburg-Baerl,Nordrhein-Westfalen
13674,2007-08-01,2020-11-04,237,49.2943,8.9053,Waibstadt,Baden-Württemberg
13675,2007-11-01,2020-11-04,77,52.0818,9.4077,Hameln-Hastenbeck,Niedersachsen
13696,2007-12-01,2020-11-04,60,51.5966,7.4048,Waltrop-Abdinghof,Nordrhein-Westfalen
13700,2008-05-01,2020-11-04,205,51.3329,7.3411,Gevelsberg-Oberbröking,Nordrhein-Westfalen
13710,2008-04-01,2020-11-04,490,48.5734,12.2576,Landshut-Reithof,Bayern
13711,2007-12-01,2020-11-04,289,50.682,11.5150,Krölpa-Rockendorf,Thüringen
13713,2007-11-01,2020-11-04,386,51.0899,7.6289,Meinerzhagen-Redlendorf,Nordrhein-Westfalen
13776,2008-03-01,2011-01-04,85,52.1789,9.9524,Hildesheim-Drispenstedt,Niedersachsen
13777,2008-06-01,2020-11-04,110,52.2467,10.9592,Helmstedt-Emmerstedt,Niedersachsen
13903,2008-09-16,2010-12-25,15,54.0167,8.3167,Bake Zulu,Niedersachsen
13904,2008-09-15,2010-04-26,3,55.0,6.3333,Nordseeboje 2,Hamburg
13965,2008-12-01,2020-11-04,619,48.2639,8.8134,Balingen-Bronnhaupten,Baden-Württemberg
14003,1961-01-03,1992-06-29,728,47.8619,10.6144,Kaufbeuren (Flugplatz),Bayern
14138,2009-09-15,2015-12-31,73,52.1655,14.1224,Falkenberg (Grenzschichtmessfeld),Brandenburg
15000,2011-04-01,2020-11-04,231,50.7983,6.0244,Aachen-Orsbach,Nordrhein-Westfalen
15207,2013-11-01,2020-11-04,317,51.2835,9.3590,Schauenburg-Elgershausen,Hessen
15444,2014-09-01,2020-11-04,593,48.4418,9.9216,Ulm-Mähringen,Baden-Württemberg
15555,2016-05-01,2020-11-04,815,47.8761,10.5849,Kaufbeuren-Oberbeuren,Bayern
19171,2020-09-01,2020-11-04,13,54.0038,9.8553,Hasenkrug-Hardebek,Schleswig-Holstein
19172,2020-09-01,2020-11-04,48,54.0246,9.3880,Wacken,Schleswig-Holstein
